번호,brand,시_도,시_군,,si_do,si_gun_name,si_gun_district
3635,롯데리아경포해수욕장점,강원도,강릉시,강문동,Gangwon-do,Gangneung,Si
7775,롯데리아경포대점,강원도,강릉시,강문동,Gangwon-do,Gangneung,Si
7778,롯데리아강릉교동점,강원도,강릉시,교동,Gangwon-do,Gangneung,Si
3538,버거킹강릉교동SK점,강원도,강릉시,교동,Gangwon-do,Gangneung,Si
7782,롯데리아강릉점,강원도,강릉시,임당동,Gangwon-do,Gangneung,Si
7772,유한회사한국맥도날드강릉점,강원도,강릉시,임당동,Gangwon-do,Gangneung,Si
7784,롯데리아강릉디티(DT)점,강원도,강릉시,입암동,Gangwon-do,Gangneung,Si
90,롯데리아강릉주문진점,강원도,강릉시,주문진읍,Gangwon-do,Gangneung,Si
7795,롯데리아강릉포남점,강원도,강릉시,포남동,Gangwon-do,Gangneung,Si
7783,롯데리아강릉터미널점,강원도,강릉시,홍제동,Gangwon-do,Gangneung,Si
6391,롯데리아 고성간성점,강원도,고성군,간성읍,Gangwon-do,Goseong,Gun
9947,롯데리아 망상점,강원도,동해시,망상동,Gangwon-do,Donghae,Si
9954,롯데리아동해쇄운점,강원도,동해시,쇄운동,Gangwon-do,Donghae,Si
2737,한국맥도날드(유) 동해DT점,강원도,동해시,천곡동,Gangwon-do,Donghae,Si
9928,롯데리아동해점,강원도,동해시,천곡동,Gangwon-do,Donghae,Si
3002,롯데리아삼척점,강원도,삼척시,남양동,Gangwon-do,Samcheok,Si
2813,롯데리아설악산점,강원도,속초시,설악동,Gangwon-do,Sokcho,Si
7486,롯데리아속초터미널점,강원도,속초시,조양동,Gangwon-do,Sokcho,Si
3592,버거킹속초디티점,강원도,속초시,조양동,Gangwon-do,Sokcho,Si
7488,맥도날드 속초DT점,강원도,속초시,조양동,Gangwon-do,Sokcho,Si
1185,롯데리아,강원도,양구군,양구읍,Gangwon-do,Yanggu,Gun
9817,롯데리아 낙산해수욕장점,강원도,양양군,강현면,Gangwon-do,Yangyang,Gun
5752,롯데리아 영월점,강원도,영월군,영월읍,Gangwon-do,Yeongwol,Gun
1212,롯데리아롯데마트원주점,강원도,원주시,단계동,Gangwon-do,Wonju,Si
1189,롯데리아 원주 하나로점,강원도,원주시,단계동,Gangwon-do,Wonju,Si
1209,롯데리아(단계점),강원도,원주시,단계동,Gangwon-do,Wonju,Si
1201,롯데리아(원주터미널점),강원도,원주시,단계동,Gangwon-do,Wonju,Si
1213,롯데리아(더블유시티점),강원도,원주시,단계동,Gangwon-do,Wonju,Si
1215,맥도날드원주단계점,강원도,원주시,단계동,Gangwon-do,Wonju,Si
1208,맥도날드원주단구DT점,강원도,원주시,단구동,Gangwon-do,Wonju,Si
1228,버거킹원주무실점,강원도,원주시,무실동,Gangwon-do,Wonju,Si
1207,롯데리아문막점,강원도,원주시,문막읍,Gangwon-do,Wonju,Si
4486,롯데리아혁신도시점,강원도,원주시,반곡동,Gangwon-do,Wonju,Si
1188,롯데리아우산점,강원도,원주시,우산동,Gangwon-do,Wonju,Si
1187,롯데리아원주일산점,강원도,원주시,일산동,Gangwon-do,Wonju,Si
1203,롯데리아오크밸리S/T점,강원도,원주시,지정면,Gangwon-do,Wonju,Si
9774,롯데리아 내린천휴게소점,강원도,인제군,상남면,Gangwon-do,Inje,Gun
6892,롯데리아 인제 터미널점,강원도,인제군,인제읍,Gangwon-do,Inje,Gun
3357,롯데리아,강원도,정선군,정선읍,Gangwon-do,Jeongseon,Gun
8589,롯데리아철원동송점,강원도,철원군,동송읍,Gangwon-do,Cheorwon,Gun
8597,롯데리아  철원와수점,강원도,철원군,서면,Gangwon-do,Cheorwon,Gun
280,버거킹춘천거두GS점,강원도,춘천시,동내면,Gangwon-do,Chuncheon,Si
3536,롯데리아우두점,강원도,춘천시,우두동,Gangwon-do,Chuncheon,Si
2162,롯데리아카펠라점,강원도,춘천시,퇴계동,Gangwon-do,Chuncheon,Si
2203,한국맥도날드(유)춘천퇴계DT점,강원도,춘천시,퇴계동,Gangwon-do,Chuncheon,Si
2170,롯데리아강대점 ,강원도,춘천시,효자동,Gangwon-do,Chuncheon,Si
1622,한국맥도날드(유)춘천후평DT점,강원도,춘천시,후평동,Gangwon-do,Chuncheon,Si
7504,롯데리아 태백,강원도,태백시,황지동,Gangwon-do,Taebaek,Si
3886,롯데리아 알펜시아점,강원도,평창군,대관령면,Gangwon-do,Pyeongchang,Gun
1179,버거킹오션월드,강원도,홍천군,서면,Gangwon-do,Hongcheon,Gun
1176,버거킹비발디점,강원도,홍천군,서면,Gangwon-do,Hongcheon,Gun
9963,롯데리아횡성점,강원도,횡성군,횡성읍,Gangwon-do,Hoengseong,Gun
7591,롯데리아 가평(현리점),경기도,가평군,조종면,Gyeonggi-do,Gapyeong,Gun
7589,롯데리아청평D/T점,경기도,가평군,청평면,Gyeonggi-do,Gapyeong,Gun
5799,롯데리아 고양점,경기도,고양시,덕양구,Gyeonggi-do,Goyang,Si
5880,롯데리아고양관산점,경기도,고양시,덕양구,Gyeonggi-do,Goyang,Si
4196,롯데리아 고양원흥점,경기도,고양시,덕양구,Gyeonggi-do,Goyang,Si
8460,버거킹 스타필드고양점,경기도,고양시,덕양구,Gyeonggi-do,Goyang,Si
5890,한국맥도날드고양맥드라이브점,경기도,고양시,덕양구,Gyeonggi-do,Goyang,Si
5823,행복주식회사롯데리아원당점,경기도,고양시,덕양구,Gyeonggi-do,Goyang,Si
5892,롯데리아 삼송신원점,경기도,고양시,덕양구,Gyeonggi-do,Goyang,Si
6547,맥도날드 고양원당DT점,경기도,고양시,덕양구,Gyeonggi-do,Goyang,Si
5865,롯데리아고양행신역,경기도,고양시,덕양구,Gyeonggi-do,Goyang,Si
5885,한국맥도날드행신점,경기도,고양시,덕양구,Gyeonggi-do,Goyang,Si
5763,롯데리아롯데마트고양점,경기도,고양시,덕양구,Gyeonggi-do,Goyang,Si
7177,버거킹일산화정오일뱅크점,경기도,고양시,덕양구,Gyeonggi-do,Goyang,Si
5794,한국맥도날드 화정점,경기도,고양시,덕양구,Gyeonggi-do,Goyang,Si
5874,롯데리아 화정역점,경기도,고양시,덕양구,Gyeonggi-do,Goyang,Si
5770,롯데리아일산마두점,경기도,고양시,일산동구,Gyeonggi-do,Goyang,Si
5872,맥도날드 마두역점,경기도,고양시,일산동구,Gyeonggi-do,Goyang,Si
5871,맥도날드 마두역점,경기도,고양시,일산동구,Gyeonggi-do,Goyang,Si
6289,롯데리아고양터미널롯데아울렛점,경기도,고양시,일산동구,Gyeonggi-do,Goyang,Si
6303,버거킹 고양터미널점,경기도,고양시,일산동구,Gyeonggi-do,Goyang,Si
5786,롯데리아(일산식사점),경기도,고양시,일산동구,Gyeonggi-do,Goyang,Si
5908,(주)롯데리아일산점,경기도,고양시,일산동구,Gyeonggi-do,Goyang,Si
5780,롯데리아일산라페스타점,경기도,고양시,일산동구,Gyeonggi-do,Goyang,Si
5761,한국맥도날드(정발산점),경기도,고양시,일산동구,Gyeonggi-do,Goyang,Si
5863,버거킹일산호수공원점,경기도,고양시,일산동구,Gyeonggi-do,Goyang,Si
4197,롯데리아 일산웨스턴돔점,경기도,고양시,일산동구,Gyeonggi-do,Goyang,Si
5864,버거킹일산마두점,경기도,고양시,일산동구,Gyeonggi-do,Goyang,Si
5910,롯데리아일산중산,경기도,고양시,일산동구,Gyeonggi-do,Goyang,Si
5820,맥도날드 중산DT점,경기도,고양시,일산동구,Gyeonggi-do,Goyang,Si
5766,롯데리아일산풍동점,경기도,고양시,일산동구,Gyeonggi-do,Goyang,Si
7942,한국맥도날드(유) 고양풍동DT점,경기도,고양시,일산동구,Gyeonggi-do,Goyang,Si
5790,롯데리아 일산가좌점,경기도,고양시,일산서구,Gyeonggi-do,Goyang,Si
5900,빅마켓 롯데리아,경기도,고양시,일산서구,Gyeonggi-do,Goyang,Si
5895,롯데리아 일산대화역점,경기도,고양시,일산서구,Gyeonggi-do,Goyang,Si
5759,(주)롯데리아세븐일레븐일산대화점,경기도,고양시,일산서구,Gyeonggi-do,Goyang,Si
9648,롯데리아하나로고양점,경기도,고양시,일산서구,Gyeonggi-do,Goyang,Si
5859,한국맥도날드(유)원마운트점,경기도,고양시,일산서구,Gyeonggi-do,Goyang,Si
5802,롯데리아일산킨텍스점,경기도,고양시,일산서구,Gyeonggi-do,Goyang,Si
5757,롯데리아일산대화점,경기도,고양시,일산서구,Gyeonggi-do,Goyang,Si
5769,롯데리아,경기도,고양시,일산서구,Gyeonggi-do,Goyang,Si
5881,버거킹 일산산들SK점,경기도,고양시,일산서구,Gyeonggi-do,Goyang,Si
5758,롯데리아롯데마트주엽점,경기도,고양시,일산서구,Gyeonggi-do,Goyang,Si
5798,한국맥도날드 강선점,경기도,고양시,일산서구,Gyeonggi-do,Goyang,Si
5847,롯데리아일산탄현점,경기도,고양시,일산서구,Gyeonggi-do,Goyang,Si
5788,맥도날드 탄현점,경기도,고양시,일산서구,Gyeonggi-do,Goyang,Si
8654,롯데리아서울대공원점,경기도,과천시,막계동,Gyeonggi-do,Gwacheon,Si
8651,한국맥도날드 과천이마트점,경기도,과천시,별양동,Gyeonggi-do,Gwacheon,Si
8655,롯데리아 SERVICE,경기도,과천시,별양동,Gyeonggi-do,Gwacheon,Si
8653,버거킹 과천중앙점,경기도,과천시,중앙동,Gyeonggi-do,Gwacheon,Si
9886,롯데리아광명점,경기도,광명시,광명동,Gyeonggi-do,Gwangmyeong,Si
9895,한국맥도날드유한회사,경기도,광명시,광명동,Gyeonggi-do,Gwangmyeong,Si
5282,한국맥도날드(유) 광명DT점,경기도,광명시,광명동,Gyeonggi-do,Gwangmyeong,Si
9905,버거킹광명소하이마트점,경기도,광명시,소하동,Gyeonggi-do,Gwangmyeong,Si
1405,맥도날드광명소하DT점,경기도,광명시,소하동,Gyeonggi-do,Gwangmyeong,Si
9920,롯데리아(롯데프리미엄아울렛광명점),경기도,광명시,일직동,Gyeonggi-do,Gwangmyeong,Si
9924,롯데리아광명철산역점,경기도,광명시,철산동,Gyeonggi-do,Gwangmyeong,Si
9896,롯데리아아울렛광명점,경기도,광명시,철산동,Gyeonggi-do,Gwangmyeong,Si
9893,한국맥도날드 세이브존 광명,경기도,광명시,철산동,Gyeonggi-do,Gwangmyeong,Si
9894,버거킹광명철산점,경기도,광명시,철산동,Gyeonggi-do,Gwangmyeong,Si
9892,한국맥도날드유한회사철산역점,경기도,광명시,철산동,Gyeonggi-do,Gwangmyeong,Si
9903,롯데리아 광명하안점,경기도,광명시,하안동,Gyeonggi-do,Gwangmyeong,Si
5731,버거킹(광주경안점),경기도,광주시,경안동,Gyeonggi-do,Gwangju,Si
5706,롯데리아(경안점),경기도,광주시,경안동,Gyeonggi-do,Gwangju,Si
5705,롯데리아,경기도,광주시,경안동,Gyeonggi-do,Gwangju,Si
5700,롯데리아곤지암점,경기도,광주시,곤지암읍,Gyeonggi-do,Gwangju,Si
5734,롯데리아(광주능평점),경기도,광주시,오포읍,Gyeonggi-do,Gwangju,Si
5732,롯데리아(광주오포점),경기도,광주시,오포읍,Gyeonggi-do,Gwangju,Si
5727,롯데리아(태전점),경기도,광주시,장지동,Gyeonggi-do,Gwangju,Si
7172,버거킹 구리SK점,경기도,구리시,수택동,Gyeonggi-do,Guri,Si
3891,롯데리아구리수택점,경기도,구리시,수택동,Gyeonggi-do,Guri,Si
3898,롯데리아,경기도,구리시,수택동,Gyeonggi-do,Guri,Si
3893,맥도날드 구리토평점,경기도,구리시,수택동,Gyeonggi-do,Guri,Si
9629,맥도날드 인창DT점,경기도,구리시,인창동,Gyeonggi-do,Guri,Si
3905,롯데리아 롯데마트구리점,경기도,구리시,인창동,Gyeonggi-do,Guri,Si
3889,롯데리아 롯데스퀘어 구리점,경기도,구리시,인창동,Gyeonggi-do,Guri,Si
6324,맥도날드군포당동SKDT점,경기도,군포시,당동,Gyeonggi-do,Gunpo,Si
8581,롯데리아군포당동점,경기도,군포시,당동,Gyeonggi-do,Gunpo,Si
8567,버거킹 산본점,경기도,군포시,산본동,Gyeonggi-do,Gunpo,Si
8565,한국맥도날드(유)산본이마트점,경기도,군포시,산본동,Gyeonggi-do,Gunpo,Si
8570,주식회사 롯데리아 산본중앙점,경기도,군포시,산본동,Gyeonggi-do,Gunpo,Si
8572,맥도날드 군포산본DT점,경기도,군포시,산본동,Gyeonggi-do,Gunpo,Si
1269,맥도날드김포감정DT점,경기도,김포시,감정동,Gyeonggi-do,Gimpo,Si
1254,롯데리아,경기도,김포시,감정동,Gyeonggi-do,Gimpo,Si
1253,맥도날드김포고촌SK점,경기도,김포시,고촌읍,Gyeonggi-do,Gimpo,Si
1271,버거킹김포현대아울렛점,경기도,김포시,고촌읍,Gyeonggi-do,Gimpo,Si
1268,롯데리아김포구래점,경기도,김포시,구래동,Gyeonggi-do,Gimpo,Si
1259,롯데리아김포사우점,경기도,김포시,사우동,Gyeonggi-do,Gimpo,Si
1252,롯데리아 김포양곡점,경기도,김포시,양촌읍,Gyeonggi-do,Gimpo,Si
1266,롯데리아 김포운양점,경기도,김포시,운양동,Gyeonggi-do,Gimpo,Si
1241,롯데리아김포장기점,경기도,김포시,장기동,Gyeonggi-do,Gimpo,Si
1267,한국맥도날드(유) 김포 장기DT점,경기도,김포시,장기동,Gyeonggi-do,Gimpo,Si
1249,롯데리아김포통진점,경기도,김포시,통진읍,Gyeonggi-do,Gimpo,Si
1238,롯데리아홈플러스풍무점,경기도,김포시,풍무동,Gyeonggi-do,Gimpo,Si
4688,롯데리아금곡점,경기도,남양주시,금곡동,Gyeonggi-do,Namyangju,Si
9734,롯데리아 남양주도농점,경기도,남양주시,도농동,Gyeonggi-do,Namyangju,Si
4731,롯데리아남양주도농점,경기도,남양주시,도농동,Gyeonggi-do,Namyangju,Si
4672,롯데리아별내점,경기도,남양주시,별내동,Gyeonggi-do,Namyangju,Si
4675,롯데리아 별내신도시점,경기도,남양주시,별내동,Gyeonggi-do,Namyangju,Si
4723,롯데리아남양주청학점,경기도,남양주시,별내면,Gyeonggi-do,Namyangju,Si
4740,롯데리아오남점,경기도,남양주시,오남읍,Gyeonggi-do,Namyangju,Si
4724,롯데리아오남레몬점,경기도,남양주시,오남읍,Gyeonggi-do,Namyangju,Si
1480,롯데리아남양주덕소점,경기도,남양주시,와부읍,Gyeonggi-do,Namyangju,Si
4735,한국맥도날드유한회사(덕소점),경기도,남양주시,와부읍,Gyeonggi-do,Namyangju,Si
4707,롯데리아진건점,경기도,남양주시,진건읍,Gyeonggi-do,Namyangju,Si
4660,롯데리아남양주진접점,경기도,남양주시,진접읍,Gyeonggi-do,Namyangju,Si
4668,한국맥도날드(유) 진접DT점,경기도,남양주시,진접읍,Gyeonggi-do,Namyangju,Si
4728,롯데리아 장현점,경기도,남양주시,진접읍,Gyeonggi-do,Namyangju,Si
4658,롯데리아퇴계원점,경기도,남양주시,퇴계원면,Gyeonggi-do,Namyangju,Si
4676,한국맥도날드(유) 평내DT점,경기도,남양주시,평내동,Gyeonggi-do,Namyangju,Si
2872,롯데리아 평내점,경기도,남양주시,평내동,Gyeonggi-do,Namyangju,Si
4713,롯데리아(호평점),경기도,남양주시,호평동,Gyeonggi-do,Namyangju,Si
4680,롯데리아(마석중흥점),경기도,남양주시,화도읍,Gyeonggi-do,Namyangju,Si
4695,한국맥도날드(유) 마석DT점,경기도,남양주시,화도읍,Gyeonggi-do,Namyangju,Si
4726,롯데리아 마석점,경기도,남양주시,화도읍,Gyeonggi-do,Namyangju,Si
7025,롯데리아동두천점,경기도,동두천시,생연동,Gyeonggi-do,Dongducheon,Si
7011,롯데리아롯데마트동두천점,경기도,동두천시,송내동,Gyeonggi-do,Dongducheon,Si
7022,한국맥도날드(유) 동두천지행점,경기도,동두천시,지행동,Gyeonggi-do,Dongducheon,Si
7027,롯데리아지행역점,경기도,동두천시,지행동,Gyeonggi-do,Dongducheon,Si
5148,버거킹동두천DT,경기도,동두천시,지행동,Gyeonggi-do,Dongducheon,Si
6423,롯데리아고강점,경기도,부천시,고강동,Gyeonggi-do,Bucheon,Si
7999,한국맥도날드(유)부천역곡역DT점,경기도,부천시,괴안동,Gyeonggi-do,Bucheon,Si
5346,롯데리아부천범박점,경기도,부천시,괴안동,Gyeonggi-do,Bucheon,Si
5379,롯데리아부천도당점,경기도,부천시,도당동,Gyeonggi-do,Bucheon,Si
5375,롯데리아부천약대점,경기도,부천시,삼정동,Gyeonggi-do,Bucheon,Si
6416,롯데리아투나송내점,경기도,부천시,상동,Gyeonggi-do,Bucheon,Si
6418,롯데리아부천송내역점,경기도,부천시,상동,Gyeonggi-do,Bucheon,Si
7998,버거킹부천세이브존점,경기도,부천시,상동,Gyeonggi-do,Bucheon,Si
5380,롯데리아 부천소풍씨네마ST점,경기도,부천시,상동,Gyeonggi-do,Bucheon,Si
272,버거킹 부천소풍NC점,경기도,부천시,상동,Gyeonggi-do,Bucheon,Si
5362,맥도날드(에스에이취),경기도,부천시,상동,Gyeonggi-do,Bucheon,Si
4412,롯데리아,경기도,부천시,상동,Gyeonggi-do,Bucheon,Si
3628,롯데리아부천송내D/T점,경기도,부천시,송내동,Gyeonggi-do,Bucheon,Si
5368,한국맥도날드(유)부천북부역점,경기도,부천시,심곡동,Gyeonggi-do,Bucheon,Si
4396,롯데리아원미점,경기도,부천시,심곡동,Gyeonggi-do,Bucheon,Si
4403,롯데리아부천역점,경기도,부천시,심곡본동,Gyeonggi-do,Bucheon,Si
6411,롯데리아부천역익스프레스점,경기도,부천시,심곡본동,Gyeonggi-do,Bucheon,Si
6403,한국맥도날드부천역점,경기도,부천시,심곡본동,Gyeonggi-do,Bucheon,Si
8003,맥도날드 심곡DT점,경기도,부천시,심곡본동,Gyeonggi-do,Bucheon,Si
5377,롯데리아역곡역점,경기도,부천시,역곡동,Gyeonggi-do,Bucheon,Si
5369,롯데리아오정점,경기도,부천시,오정동,Gyeonggi-do,Bucheon,Si
6422,롯데리아 부천원종점,경기도,부천시,원종동,Gyeonggi-do,Bucheon,Si
4418,버거킹부천원종점,경기도,부천시,원종동,Gyeonggi-do,Bucheon,Si
8002,한국맥도날드(유) 부천원종DT점,경기도,부천시,원종동,Gyeonggi-do,Bucheon,Si
5364,롯데리아부천시청역점,경기도,부천시,중동,Gyeonggi-do,Bucheon,Si
39,버거킹 부천중동점,경기도,부천시,중동,Gyeonggi-do,Bucheon,Si
4407,롯데리아 부천중동점,경기도,부천시,중동,Gyeonggi-do,Bucheon,Si
4398,한국맥도날드중동D/T점,경기도,부천시,중동,Gyeonggi-do,Bucheon,Si
5355,롯데리아 중동인성,경기도,부천시,중동,Gyeonggi-do,Bucheon,Si
2923,롯데리아미금아울렛점,경기도,성남시,분당구,Gyeonggi-do,Seongnam,Si
2999,맥도날드 오리역점,경기도,성남시,분당구,Gyeonggi-do,Seongnam,Si
2966,롯데리아 분당구미점,경기도,성남시,분당구,Gyeonggi-do,Seongnam,Si
2986,롯데리아 미금점,경기도,성남시,분당구,Gyeonggi-do,Seongnam,Si
2952,롯데리아 판교D/T점,경기도,성남시,분당구,Gyeonggi-do,Seongnam,Si
2997,맥도날드동판교점,경기도,성남시,분당구,Gyeonggi-do,Seongnam,Si
2896,맥도날드,경기도,성남시,분당구,Gyeonggi-do,Seongnam,Si
6280,한국맥도날드유한회사 수내역점,경기도,성남시,분당구,Gyeonggi-do,Seongnam,Si
2895,롯데리아,경기도,성남시,분당구,Gyeonggi-do,Seongnam,Si
1072,롯데리아 야탑역점,경기도,성남시,분당구,Gyeonggi-do,Seongnam,Si
2985,맥도날드 야탑킴스점,경기도,성남시,분당구,Gyeonggi-do,Seongnam,Si
2902,버거킹 분당야탑점,경기도,성남시,분당구,Gyeonggi-do,Seongnam,Si
6438,맥도날드 서판교DT점,경기도,성남시,분당구,Gyeonggi-do,Seongnam,Si
2965,롯데리아서판교점,경기도,성남시,분당구,Gyeonggi-do,Seongnam,Si
2968,버거킹 분당정자점,경기도,성남시,분당구,Gyeonggi-do,Seongnam,Si
2894,맥도날드 성남신흥DT점,경기도,성남시,수정구,Gyeonggi-do,Seongnam,Si
2929,롯데리아 성남세이브죤점,경기도,성남시,수정구,Gyeonggi-do,Seongnam,Si
2934,롯데리아성남신흥점,경기도,성남시,수정구,Gyeonggi-do,Seongnam,Si
2928,롯데리아양지점,경기도,성남시,수정구,Gyeonggi-do,Seongnam,Si
7246,롯데리아 위례우남역점,경기도,성남시,수정구,Gyeonggi-do,Seongnam,Si
2927,롯데리아(수정점),경기도,성남시,수정구,Gyeonggi-do,Seongnam,Si
2930,롯데리아성남점,경기도,성남시,수정구,Gyeonggi-do,Seongnam,Si
2953,버거킹 성남이마트점,경기도,성남시,수정구,Gyeonggi-do,Seongnam,Si
2946,롯데리아(성남단대점),경기도,성남시,중원구,Gyeonggi-do,Seongnam,Si
2908,롯데리아성남도촌점,경기도,성남시,중원구,Gyeonggi-do,Seongnam,Si
2963,롯데리아 성남테크노벨리점,경기도,성남시,중원구,Gyeonggi-do,Seongnam,Si
2932,롯데리아 상대원점,경기도,성남시,중원구,Gyeonggi-do,Seongnam,Si
2983,한국맥도날드(모란역점),경기도,성남시,중원구,Gyeonggi-do,Seongnam,Si
2451,롯데리아수원곡반정점,경기도,수원시,권선구,Gyeonggi-do,Suwon,Si
2482,버거킹이마트서수원점,경기도,수원시,권선구,Gyeonggi-do,Suwon,Si
2486,한국맥도날드(유) 수원GS점,경기도,수원시,권선구,Gyeonggi-do,Suwon,Si
2508,롯데리아 수원메가박스점,경기도,수원시,권선구,Gyeonggi-do,Suwon,Si
2507,롯데리아 수원권선점,경기도,수원시,권선구,Gyeonggi-do,Suwon,Si
2492,롯데리아호매실점,경기도,수원시,권선구,Gyeonggi-do,Suwon,Si
2374,롯데리아 롯데몰수원점,경기도,수원시,권선구,Gyeonggi-do,Suwon,Si
2372,한국맥도날드(유)수원세류DT점,경기도,수원시,권선구,Gyeonggi-do,Suwon,Si
2462,롯데리아 오목천D/T점,경기도,수원시,권선구,Gyeonggi-do,Suwon,Si
2500,롯데리아탑동점,경기도,수원시,권선구,Gyeonggi-do,Suwon,Si
2504,롯데리아신호매실점,경기도,수원시,권선구,Gyeonggi-do,Suwon,Si
2497,롯데리아호매실D/I,경기도,수원시,권선구,Gyeonggi-do,Suwon,Si
2371,한국맥도날드(유) 수원망포DT점,경기도,수원시,영통구,Gyeonggi-do,Suwon,Si
2530,버거킹 수원망포점,경기도,수원시,영통구,Gyeonggi-do,Suwon,Si
2496,버거킹수원매탄점,경기도,수원시,영통구,Gyeonggi-do,Suwon,Si
2418,롯데리아,경기도,수원시,영통구,Gyeonggi-do,Suwon,Si
2458,한국맥도날드(유)경희대국제캠퍼스점,경기도,수원시,영통구,Gyeonggi-do,Suwon,Si
3569,버거킹 수원영통점,경기도,수원시,영통구,Gyeonggi-do,Suwon,Si
2506,한국맥도날드영통점,경기도,수원시,영통구,Gyeonggi-do,Suwon,Si
2454,롯데리아수원망포역점,경기도,수원시,영통구,Gyeonggi-do,Suwon,Si
2466,롯데리아,경기도,수원시,영통구,Gyeonggi-do,Suwon,Si
2459,맥도날드 수원아주대점,경기도,수원시,영통구,Gyeonggi-do,Suwon,Si
2509,버거킹아주대병원점,경기도,수원시,영통구,Gyeonggi-do,Suwon,Si
8031,롯데리아 경기대역점,경기도,수원시,영통구,Gyeonggi-do,Suwon,Si
2463,버거킹 광교아브뉴프랑점,경기도,수원시,영통구,Gyeonggi-do,Suwon,Si
2406,롯데리아 광교중앙역점,경기도,수원시,영통구,Gyeonggi-do,Suwon,Si
1423,롯데리아 롯데아울렛광교점,경기도,수원시,영통구,Gyeonggi-do,Suwon,Si
2403,한국맥도날드(유)동수원지에스점,경기도,수원시,영통구,Gyeonggi-do,Suwon,Si
2456,버거킹 송죽SK점,경기도,수원시,장안구,Gyeonggi-do,Suwon,Si
2445,맥도날드 북수원DT점,경기도,수원시,장안구,Gyeonggi-do,Suwon,Si
7317,롯데리아 수원연무점,경기도,수원시,장안구,Gyeonggi-do,Suwon,Si
2396,롯데리아 수원북문점,경기도,수원시,장안구,Gyeonggi-do,Suwon,Si
2455,한국맥도날드(유)수원성균관대점,경기도,수원시,장안구,Gyeonggi-do,Suwon,Si
2392,롯데리아성대점,경기도,수원시,장안구,Gyeonggi-do,Suwon,Si
3522,한국맥도날드(유) 수원정자DT점,경기도,수원시,장안구,Gyeonggi-do,Suwon,Si
4431,롯데리아수원정자점,경기도,수원시,장안구,Gyeonggi-do,Suwon,Si
2465,(주)신맥한국맥도날드 북수원 홈플러스,경기도,수원시,장안구,Gyeonggi-do,Suwon,Si
2447,롯데리아 천천점,경기도,수원시,장안구,Gyeonggi-do,Suwon,Si
2380,롯데리아수원역광장점,경기도,수원시,팔달구,Gyeonggi-do,Suwon,Si
2381,롯데리아수원역사점,경기도,수원시,팔달구,Gyeonggi-do,Suwon,Si
2379,버거킹 수원역사점,경기도,수원시,팔달구,Gyeonggi-do,Suwon,Si
2513,한국맥도날드(유)수원성점,경기도,수원시,팔달구,Gyeonggi-do,Suwon,Si
2378,롯데리아(동수원홈플러스점),경기도,수원시,팔달구,Gyeonggi-do,Suwon,Si
7964,버거킹수원팔달점,경기도,수원시,팔달구,Gyeonggi-do,Suwon,Si
2422,주식회사 롯데리아 수원팔달점,경기도,수원시,팔달구,Gyeonggi-do,Suwon,Si
2384,롯데리아율현점,경기도,수원시,팔달구,Gyeonggi-do,Suwon,Si
2420,롯데리아 화서점,경기도,수원시,팔달구,Gyeonggi-do,Suwon,Si
5017,롯데리아 시흥거모점,경기도,시흥시,거모동,Gyeonggi-do,Siheung,Si
4986,롯데리아시흥은행점,경기도,시흥시,대야동,Gyeonggi-do,Siheung,Si
4470,롯데리아,경기도,시흥시,목감동,Gyeonggi-do,Siheung,Si
4988,롯데리아(시흥제일점),경기도,시흥시,신천동,Gyeonggi-do,Siheung,Si
5012,롯데리아 월곶점,경기도,시흥시,월곶동,Gyeonggi-do,Siheung,Si
4984,한국맥도날드유한회사시화이마트점,경기도,시흥시,정왕동,Gyeonggi-do,Siheung,Si
4985,롯데리아,경기도,시흥시,정왕동,Gyeonggi-do,Siheung,Si
9770,롯데리아롯데마트시흥배곧점,경기도,시흥시,정왕동,Gyeonggi-do,Siheung,Si
8167,롯데리아 배곧신도시점,경기도,시흥시,정왕동,Gyeonggi-do,Siheung,Si
4987,롯데리아(시흥시화점),경기도,시흥시,정왕동,Gyeonggi-do,Siheung,Si
5013,롯데리아 오이도D/I점,경기도,시흥시,정왕동,Gyeonggi-do,Siheung,Si
5020,롯데리아오이도점,경기도,시흥시,정왕동,Gyeonggi-do,Siheung,Si
4989,롯데리아홈플러스시화점,경기도,시흥시,정왕동,Gyeonggi-do,Siheung,Si
5008,롯데리아 시흥정왕역점,경기도,시흥시,정왕동,Gyeonggi-do,Siheung,Si
7940,롯데리아시흥하중점,경기도,시흥시,하중동,Gyeonggi-do,Siheung,Si
3817,롯데리아 안산고잔점,경기도,안산시,단원구,Gyeonggi-do,Ansan,Si
9812,버거킹 안산중앙역점,경기도,안산시,단원구,Gyeonggi-do,Ansan,Si
3870,한샘유통(주) 롯데리아점,경기도,안산시,단원구,Gyeonggi-do,Ansan,Si
5430,한국맥도날드(유) 안산고잔DT점,경기도,안산시,단원구,Gyeonggi-do,Ansan,Si
3874,롯데리아(안산신도시점),경기도,안산시,단원구,Gyeonggi-do,Ansan,Si
3872,버거킹(안산고잔점),경기도,안산시,단원구,Gyeonggi-do,Ansan,Si
3863,버거킹(안산제이SK점),경기도,안산시,단원구,Gyeonggi-do,Ansan,Si
3876,롯데리아안산제일점,경기도,안산시,단원구,Gyeonggi-do,Ansan,Si
3802,롯데리아(선부점),경기도,안산시,단원구,Gyeonggi-do,Ansan,Si
7330,롯데리아 와동지점,경기도,안산시,단원구,Gyeonggi-do,Ansan,Si
3856,롯데리아안산역점,경기도,안산시,단원구,Gyeonggi-do,Ansan,Si
3868,롯데리아(안산원곡),경기도,안산시,단원구,Gyeonggi-do,Ansan,Si
3875,롯데리아(안산초지점),경기도,안산시,단원구,Gyeonggi-do,Ansan,Si
3850,롯데리아안산반월점,경기도,안산시,상록구,Gyeonggi-do,Ansan,Si
3878,롯데리아본오점,경기도,안산시,상록구,Gyeonggi-do,Ansan,Si
9472,버거킹안산상록수역점,경기도,안산시,상록구,Gyeonggi-do,Ansan,Si
3853,롯데리아 안산상록수,경기도,안산시,상록구,Gyeonggi-do,Ansan,Si
4376,롯데리아 안산부곡점,경기도,안산시,상록구,Gyeonggi-do,Ansan,Si
3823,롯데리아(홈플러스안산점),경기도,안산시,상록구,Gyeonggi-do,Ansan,Si
3819,롯데리아(롯데마트안산점),경기도,안산시,상록구,Gyeonggi-do,Ansan,Si
3880,롯데리아나뚜루팝안산드라이브점,경기도,안산시,상록구,Gyeonggi-do,Ansan,Si
3879,롯데리아(안산한양대역),경기도,안산시,상록구,Gyeonggi-do,Ansan,Si
6854,롯데리아(주)대민,경기도,안성시,공도읍,Gyeonggi-do,Anseong,Si
6844,(주)대민 롯데리아,경기도,안성시,공도읍,Gyeonggi-do,Anseong,Si
6864,(주)대민 롯데리아 공도 드라이브점,경기도,안성시,공도읍,Gyeonggi-do,Anseong,Si
6876,롯데리아(안성중앙점),경기도,안성시,대천동,Gyeonggi-do,Anseong,Si
6856,맥도날드 안성점,경기도,안성시,대천동,Gyeonggi-do,Anseong,Si
2789,(주)서희건설 안성맞춤(제천방향)휴게소 롯데리아,경기도,안성시,서운면,Gyeonggi-do,Anseong,Si
2790,(주)서희건설 안성맞춤(평택방향)휴게소 롯데리아,경기도,안성시,서운면,Gyeonggi-do,Anseong,Si
5404,(주)영풍 안성상휴게소(롯데리아),경기도,안성시,원곡면,Gyeonggi-do,Anseong,Si
2743,롯데리아 평촌스마트스퀘어점,경기도,안양시,동안구,Gyeonggi-do,Anyang,Si
8529,롯데리아 안양관양점,경기도,안양시,동안구,Gyeonggi-do,Anyang,Si
8503,롯데리아(인덕원역점),경기도,안양시,동안구,Gyeonggi-do,Anyang,Si
8488,롯데리아평촌주공공이점,경기도,안양시,동안구,Gyeonggi-do,Anyang,Si
8482,버거킹평촌금성GS,경기도,안양시,동안구,Gyeonggi-do,Anyang,Si
8506,(주)롯데리아홈플러스안양점,경기도,안양시,동안구,Gyeonggi-do,Anyang,Si
8471,롯데리아 안양비산점,경기도,안양시,동안구,Gyeonggi-do,Anyang,Si
8512,맥도날드안양비산SK(DT점),경기도,안양시,동안구,Gyeonggi-do,Anyang,Si
3591,버거킹 평촌학원가점,경기도,안양시,동안구,Gyeonggi-do,Anyang,Si
8509,롯데리아평촌귀인점,경기도,안양시,동안구,Gyeonggi-do,Anyang,Si
8492,한국맥도날드평촌호계점,경기도,안양시,동안구,Gyeonggi-do,Anyang,Si
8484,롯데리아안양호계점,경기도,안양시,동안구,Gyeonggi-do,Anyang,Si
8530,롯데리아 안양박달디아이점,경기도,안양시,만안구,Gyeonggi-do,Anyang,Si
6549,롯데리아안양석수D/T점,경기도,안양시,만안구,Gyeonggi-do,Anyang,Si
8479,롯데리아만안구청점,경기도,안양시,만안구,Gyeonggi-do,Anyang,Si
8489,롯데리아안양점,경기도,안양시,만안구,Gyeonggi-do,Anyang,Si
8490,한국맥도날드 유한회사,경기도,안양시,만안구,Gyeonggi-do,Anyang,Si
8542,롯데리아 안양중앙점,경기도,안양시,만안구,Gyeonggi-do,Anyang,Si
8486,롯데리아롯데안양점,경기도,안양시,만안구,Gyeonggi-do,Anyang,Si
8485,(유)유기개발안양역사점(롯데리아),경기도,안양시,만안구,Gyeonggi-do,Anyang,Si
3699,롯데리아(양주광적점),경기도,양주시,광적면,Gyeonggi-do,Yangju,Si
792,한국맥도날드 유한회사 양주덕계DT점,경기도,양주시,덕계동,Gyeonggi-do,Yangju,Si
780,롯데리아(양주리치마트점),경기도,양주시,덕계동,Gyeonggi-do,Yangju,Si
786,롯데리아 양주백석DT점,경기도,양주시,백석읍,Gyeonggi-do,Yangju,Si
9778,롯데리아 양주옥정점,경기도,양주시,옥정동,Gyeonggi-do,Yangju,Si
799,한국맥도날드(유) 양주휴게소DT점,경기도,양주시,장흥면,Gyeonggi-do,Yangju,Si
787,롯데리아(브이플러스양주점),경기도,양주시,회정동,Gyeonggi-do,Yangju,Si
8363,버거킹경기양평점,경기도,양평군,양평읍,Gyeonggi-do,Yangpyeong,Gun
9965,롯데리아,경기도,양평군,양평읍,Gyeonggi-do,Yangpyeong,Gun
9973,롯데리아 양평용문점,경기도,양평군,용문면,Gyeonggi-do,Yangpyeong,Gun
7807,롯데리아(전곡점),경기도,연천군,전곡읍,Gyeonggi-do,Yeoncheon,Gun
3061,버거킹오산궐동점,경기도,오산시,궐동,Gyeonggi-do,Osan,Si
3058,맥도날드오산세교디티(DT)점,경기도,오산시,내삼미동,Gyeonggi-do,Osan,Si
7321,롯데리아오산세교디티(DT),경기도,오산시,세교동,Gyeonggi-do,Osan,Si
3054,롯데리아홈플러스오산세교점,경기도,오산시,수청동,Gyeonggi-do,Osan,Si
3033,롯데리아롯데마트오산점,경기도,오산시,오산동,Gyeonggi-do,Osan,Si
3035,롯데리아운암점,경기도,오산시,오산동,Gyeonggi-do,Osan,Si
2724,버거킹오산원동점,경기도,오산시,원동,Gyeonggi-do,Osan,Si
3031,롯데리아 원동점,경기도,오산시,원동,Gyeonggi-do,Osan,Si
727,롯데리아기흥휴게소점,경기도,용인시,기흥구,Gyeonggi-do,Yongin,Si
675,한국맥도날드(유) 강남대점,경기도,용인시,기흥구,Gyeonggi-do,Yongin,Si
2222,롯데리아구성점,경기도,용인시,기흥구,Gyeonggi-do,Yongin,Si
723,한국맥도날드(유)용인마북DT점,경기도,용인시,기흥구,Gyeonggi-do,Yongin,Si
728,롯데리아용인보라,경기도,용인시,기흥구,Gyeonggi-do,Yongin,Si
663,롯데리아 용인보정점,경기도,용인시,기흥구,Gyeonggi-do,Yongin,Si
1401,한국맥도날드(유)용인동백DT점,경기도,용인시,기흥구,Gyeonggi-do,Yongin,Si
2216,롯데리아신갈점,경기도,용인시,기흥구,Gyeonggi-do,Yongin,Si
5277,버거킹 용인신갈점,경기도,용인시,기흥구,Gyeonggi-do,Yongin,Si
4207,맥도날드용인신갈DT,경기도,용인시,기흥구,Gyeonggi-do,Yongin,Si
721,롯데리아용인흥덕점,경기도,용인시,기흥구,Gyeonggi-do,Yongin,Si
667,버거킹용인동백점,경기도,용인시,기흥구,Gyeonggi-do,Yongin,Si
2245,롯데리아용인동백점,경기도,용인시,기흥구,Gyeonggi-do,Yongin,Si
669,버거킹수지대경GS,경기도,용인시,수지구,Gyeonggi-do,Yongin,Si
671,롯데리아용인동천점,경기도,용인시,수지구,Gyeonggi-do,Yongin,Si
724,롯데리아광교드라이브점,경기도,용인시,수지구,Gyeonggi-do,Yongin,Si
1735,롯데리아 용인상현점,경기도,용인시,수지구,Gyeonggi-do,Yongin,Si
2249,롯데리아 용인신봉점,경기도,용인시,수지구,Gyeonggi-do,Yongin,Si
712,롯데리아 용인죽전1동점,경기도,용인시,수지구,Gyeonggi-do,Yongin,Si
725,한국맥도날드(유)단국대점,경기도,용인시,수지구,Gyeonggi-do,Yongin,Si
664,버거킹죽전SK점,경기도,용인시,수지구,Gyeonggi-do,Yongin,Si
2211,맥도날드용인수지점,경기도,용인시,수지구,Gyeonggi-do,Yongin,Si
1421,한국맥도날드유한회사 용인수지DT점,경기도,용인시,수지구,Gyeonggi-do,Yongin,Si
2734,롯데리아수지풍덕천점,경기도,용인시,수지구,Gyeonggi-do,Yongin,Si
703,우림개발(주)용인하휴게소(맥도날드),경기도,용인시,처인구,Gyeonggi-do,Yongin,Si
4270,맥도날드 용인점,경기도,용인시,처인구,Gyeonggi-do,Yongin,Si
2219,롯데리아용인터미널점 ,경기도,용인시,처인구,Gyeonggi-do,Yongin,Si
706,롯데리아용인중앙점,경기도,용인시,처인구,Gyeonggi-do,Yongin,Si
1630,롯데리아용인모현점,경기도,용인시,처인구,Gyeonggi-do,Yongin,Si
9837,롯데리아용인백암점,경기도,용인시,처인구,Gyeonggi-do,Yongin,Si
41,한국맥도날드(유)용인시청DT점,경기도,용인시,처인구,Gyeonggi-do,Yongin,Si
665,롯데리아 용인양지점,경기도,용인시,처인구,Gyeonggi-do,Yongin,Si
687,롯데리아(LOTTERIA)양지파인리조트점,경기도,용인시,처인구,Gyeonggi-do,Yongin,Si
726,롯데리아용인역북점,경기도,용인시,처인구,Gyeonggi-do,Yongin,Si
7252,롯데리아천리점,경기도,용인시,처인구,Gyeonggi-do,Yongin,Si
2248,롯데리아용인둔전점,경기도,용인시,처인구,Gyeonggi-do,Yongin,Si
3075,롯데리아 의왕부곡점,경기도,의왕시,삼동,Gyeonggi-do,Uiwang,Si
3078,롯데리아의왕오전,경기도,의왕시,오전동,Gyeonggi-do,Uiwang,Si
3063,한국맥도날드(유) 의왕오전DT점,경기도,의왕시,오전동,Gyeonggi-do,Uiwang,Si
3604,롯데리아 포일IT점,경기도,의왕시,포일동,Gyeonggi-do,Uiwang,Si
8628,맥도날드 의정부녹양D/T점,경기도,의정부시,가능동,Gyeonggi-do,Uijeongbu,Si
8619,롯데리아 의정부금오점,경기도,의정부시,금오동,Gyeonggi-do,Uijeongbu,Si
8617,버거킹 의정부HP점,경기도,의정부시,금오동,Gyeonggi-do,Uijeongbu,Si
8638,맥도날드 의정부금오DT점,경기도,의정부시,금오동,Gyeonggi-do,Uijeongbu,Si
8643,롯데리아녹양역점,경기도,의정부시,녹양동,Gyeonggi-do,Uijeongbu,Si
7244,롯데리아 의정부민락점,경기도,의정부시,민락동,Gyeonggi-do,Uijeongbu,Si
8631,롯데리아 의정부신곡점,경기도,의정부시,신곡동,Gyeonggi-do,Uijeongbu,Si
8615,롯데리아 용현점,경기도,의정부시,용현동,Gyeonggi-do,Uijeongbu,Si
8644,한국맥도날드(유)의정부만가대DT점,경기도,의정부시,용현동,Gyeonggi-do,Uijeongbu,Si
9728,버거킹 의정부DT점,경기도,의정부시,의정부동,Gyeonggi-do,Uijeongbu,Si
8605,버거킹 의정부 신세계점,경기도,의정부시,의정부동,Gyeonggi-do,Uijeongbu,Si
8647,한국맥도날드 의정부역점,경기도,의정부시,의정부동,Gyeonggi-do,Uijeongbu,Si
8614,롯데리아(의정부시청점),경기도,의정부시,의정부동,Gyeonggi-do,Uijeongbu,Si
8621,롯데리아 회룡역점,경기도,의정부시,호원동,Gyeonggi-do,Uijeongbu,Si
8622,한국맥도날드 의정부 GS DT점,경기도,의정부시,호원동,Gyeonggi-do,Uijeongbu,Si
8632,롯데리아호원점,경기도,의정부시,호원동,Gyeonggi-do,Uijeongbu,Si
3024,버거킹(지산리조트점),경기도,이천시,마장면,Gyeonggi-do,Icheon,Si
234,롯데리아 이천하이닉스점,경기도,이천시,부발읍,Gyeonggi-do,Icheon,Si
3026,버거킹 이천CGV점,경기도,이천시,중리동,Gyeonggi-do,Icheon,Si
6340,한국맥도날드(유) 이천DT점,경기도,이천시,중리동,Gyeonggi-do,Icheon,Si
3022,롯데리아증포점,경기도,이천시,증포동,Gyeonggi-do,Icheon,Si
3019,한국맥도날드 이천이마트점,경기도,이천시,증포동,Gyeonggi-do,Icheon,Si
3025,롯데리아이천중앙점,경기도,이천시,창전동,Gyeonggi-do,Icheon,Si
6529,롯데리아이천점,경기도,이천시,창전동,Gyeonggi-do,Icheon,Si
6116,버거킹금촌역점,경기도,파주시,금촌동,Gyeonggi-do,Paju,Si
6066,롯데리아 LG금촌점,경기도,파주시,금촌동,Gyeonggi-do,Paju,Si
6082,롯데리아운정한빛점,경기도,파주시,동패동,Gyeonggi-do,Paju,Si
3680,롯데리아 홈플러스 파주운정점,경기도,파주시,목동동,Gyeonggi-do,Paju,Si
6092,롯데리아 파주아울렛점,경기도,파주시,문발동,Gyeonggi-do,Paju,Si
6084,롯데리아(파주LCD점),경기도,파주시,월롱면,Gyeonggi-do,Paju,Si
6070,롯데리아(봉일천점),경기도,파주시,조리읍,Gyeonggi-do,Paju,Si
1355,롯데리아(비전점),경기도,평택시,비전동,Gyeonggi-do,Pyeongtaek,Si
5285,버거킹평택비전점,경기도,평택시,비전동,Gyeonggi-do,Pyeongtaek,Si
2023,맥도날드소사벌점,경기도,평택시,비전동,Gyeonggi-do,Pyeongtaek,Si
7062,맥도날드평택서정DT점,경기도,평택시,서정동,Gyeonggi-do,Pyeongtaek,Si
7307,버거킹평택서정점,경기도,평택시,서정동,Gyeonggi-do,Pyeongtaek,Si
7036,롯데리아평택송탄점,경기도,평택시,서정동,Gyeonggi-do,Pyeongtaek,Si
7054,한국맥도날드 평택SK점,경기도,평택시,세교동,Gyeonggi-do,Pyeongtaek,Si
7055,한국맥도날드송탄점,경기도,평택시,신장동,Gyeonggi-do,Pyeongtaek,Si
6095,롯데리아평택안중점,경기도,평택시,안중읍,Gyeonggi-do,Pyeongtaek,Si
3588,롯데리아 평택안중DI점,경기도,평택시,안중읍,Gyeonggi-do,Pyeongtaek,Si
9848,롯데리아평택휴게소점,경기도,평택시,오성면,Gyeonggi-do,Pyeongtaek,Si
7053,한국맥도날드(유)평택GS점,경기도,평택시,용이동,Gyeonggi-do,Pyeongtaek,Si
6126,롯데리아 송탄점,경기도,평택시,장당동,Gyeonggi-do,Pyeongtaek,Si
7069,롯데리아나뚜루팝평택지산점,경기도,평택시,지산동,Gyeonggi-do,Pyeongtaek,Si
7358,롯데리아평택청북점,경기도,평택시,청북읍,Gyeonggi-do,Pyeongtaek,Si
5291,롯데리아 평택청북DT점,경기도,평택시,청북읍,Gyeonggi-do,Pyeongtaek,Si
7065,코레일유통(주) 롯데리아,경기도,평택시,평택동,Gyeonggi-do,Pyeongtaek,Si
6125,롯데리아평택역사,경기도,평택시,평택동,Gyeonggi-do,Pyeongtaek,Si
7052,한국맥도날드평택점,경기도,평택시,평택동,Gyeonggi-do,Pyeongtaek,Si
7049,롯데리아 평택중앙점,경기도,평택시,평택동,Gyeonggi-do,Pyeongtaek,Si
7033,롯데리아(평택포승한샘마트점),경기도,평택시,포승읍,Gyeonggi-do,Pyeongtaek,Si
7073,롯데리아 롯데마트평택점,경기도,평택시,합정동,Gyeonggi-do,Pyeongtaek,Si
765,한국맥도날드포천DT점,경기도,포천시,설운동,Gyeonggi-do,Pocheon,Si
774,롯데리아 포천송우점,경기도,포천시,소흘읍,Gyeonggi-do,Pocheon,Si
760,롯데리아송우점,경기도,포천시,소흘읍,Gyeonggi-do,Pocheon,Si
775,롯데리아홈플러스송우점,경기도,포천시,소흘읍,Gyeonggi-do,Pocheon,Si
768,롯데리아포천D/T점,경기도,포천시,소흘읍,Gyeonggi-do,Pocheon,Si
761,롯데리아 포천점,경기도,포천시,신읍동,Gyeonggi-do,Pocheon,Si
759,롯데리아일동점,경기도,포천시,일동면,Gyeonggi-do,Pocheon,Si
5736,롯데리아하남덕풍점,경기도,하남시,덕풍동,Gyeonggi-do,Hanam,Si
5745,롯데리아 하남 풍산점,경기도,하남시,덕풍동,Gyeonggi-do,Hanam,Si
5748,맥도날드(하남시청점),경기도,하남시,신장동,Gyeonggi-do,Hanam,Si
5737,신화관광개발주식회사 롯데리아,경기도,하남시,신장동,Gyeonggi-do,Hanam,Si
7911,한국맥도날드(유) 화성봉담DT점,경기도,화성시,기안동,Gyeonggi-do,Hwaseong,Si
6843,롯데리아(화성기안점),경기도,화성시,기안동,Gyeonggi-do,Hwaseong,Si
6834,맥도날드 동탄SK점,경기도,화성시,능동,Gyeonggi-do,Hwaseong,Si
7006,롯데리아 서동탄역점,경기도,화성시,능동,Gyeonggi-do,Hwaseong,Si
8059,버거킹 화성능동FS점,경기도,화성시,능동,Gyeonggi-do,Hwaseong,Si
6838,롯데리아(화성동탄점),경기도,화성시,반송동,Gyeonggi-do,Hwaseong,Si
6803,한국맥도날드(유) 동탄나루점,경기도,화성시,반송동,Gyeonggi-do,Hwaseong,Si
6323,버거킹 동탄점,경기도,화성시,반송동,Gyeonggi-do,Hwaseong,Si
6763,롯데리아 화성동탄 홈플러스점,경기도,화성시,반송동,Gyeonggi-do,Hwaseong,Si
3599,롯데리아 화성반월점,경기도,화성시,반월동,Gyeonggi-do,Hwaseong,Si
6825,맥도날드병점DT점,경기도,화성시,병점동,Gyeonggi-do,Hwaseong,Si
6760,롯데리아화성봉담점,경기도,화성시,봉담읍,Gyeonggi-do,Hwaseong,Si
621,(주)롯데리아뱃놀이,경기도,화성시,서신면,Gyeonggi-do,Hwaseong,Si
6793,롯데리아(송산휴게소),경기도,화성시,송산면,Gyeonggi-do,Hwaseong,Si
6823,롯데리아화성사강D/T점,경기도,화성시,송산면,Gyeonggi-do,Hwaseong,Si
3383,롯데리아화성화산DT점,경기도,화성시,안녕동,Gyeonggi-do,Hwaseong,Si
1519,롯데리아 동탄커뮤니티점,경기도,화성시,영천동,Gyeonggi-do,Hwaseong,Si
6826,롯데리아화성조암점,경기도,화성시,우정읍,Gyeonggi-do,Hwaseong,Si
6748,화성태안 롯데리아,경기도,화성시,진안동,Gyeonggi-do,Hwaseong,Si
2838,롯데리아 동탄역사,경기도,화성시,청계동,Gyeonggi-do,Hwaseong,Si
3593,한국맥도날드(유)화성향남DT점,경기도,화성시,향남읍,Gyeonggi-do,Hwaseong,Si
6824,롯데리아화성발안점,경기도,화성시,향남읍,Gyeonggi-do,Hwaseong,Si
404,롯데리아향남2신도시점,경기도,화성시,향남읍,Gyeonggi-do,Hwaseong,Si
6839,롯데리아 화성향남점,경기도,화성시,향남읍,Gyeonggi-do,Hwaseong,Si
8942,롯데리아 거제고현점,경남,거제시,고현동,Gyeongsangnam-do,Geoje,Si
8929,버거킹 고현점,경남,거제시,고현동,Gyeongsangnam-do,Geoje,Si
8922,롯데리아(장승포점),경남,거제시,능포동,Gyeongsangnam-do,Geoje,Si
7949,롯데리아(상문점),경남,거제시,상동동,Gyeongsangnam-do,Geoje,Si
8928,롯데리아 수월점,경남,거제시,수월동,Gyeongsangnam-do,Geoje,Si
8931,롯데리아 거제아주점,경남,거제시,아주동,Gyeongsangnam-do,Geoje,Si
1948,버거킹 수월점,경남,거제시,양정동,Gyeongsangnam-do,Geoje,Si
8906,롯데리아 거제옥포점,경남,거제시,옥포동,Gyeongsangnam-do,Geoje,Si
8912,맥도날드 옥포 SK DT점,경남,거제시,옥포동,Gyeongsangnam-do,Geoje,Si
8380,버거킹옥포점,경남,거제시,옥포동,Gyeongsangnam-do,Geoje,Si
8917,한국맥도날드(유)거제점,경남,거제시,장평동,Gyeongsangnam-do,Geoje,Si
8905,롯데리아홈플러스 거제점,경남,거제시,장평동,Gyeongsangnam-do,Geoje,Si
6005,롯데리아거창점,경남,거창군,거창읍,Gyeongsangnam-do,Geochang,Gun
3961,롯데리아 홈플러스김해점,경남,김해시,내동,Gyeongsangnam-do,Gimhae,Si
3943,롯데리아 롯데마트 장유점,경남,김해시,대청동,Gyeongsangnam-do,Gimhae,Si
233,한국맥도날드(유) 김해장유DT점,경남,김해시,대청동,Gyeongsangnam-do,Gimhae,Si
3971,롯데리아김해대청점,경남,김해시,대청동,Gyeongsangnam-do,Gimhae,Si
9594,버거킹 아이스퀘어몰점,경남,김해시,부원동,Gyeongsangnam-do,Gimhae,Si
3972,한국맥도날드(유)김해삼계DT점,경남,김해시,삼계동,Gyeongsangnam-do,Gimhae,Si
9598,버거킹 김해 삼계점,경남,김해시,삼계동,Gyeongsangnam-do,Gimhae,Si
3945,(주)롯데리아 김해북부점,경남,김해시,삼계동,Gyeongsangnam-do,Gimhae,Si
3975,한국맥도날드(유)김해삼정점,경남,김해시,삼정동,Gyeongsangnam-do,Gimhae,Si
3956,롯데리아롯데김해아울렛점,경남,김해시,신문동,Gyeongsangnam-do,Gimhae,Si
3985,(주)롯데리아롯데워터파크점,경남,김해시,신문동,Gyeongsangnam-do,Gimhae,Si
3978,롯데리아김해아울렛식당가점,경남,김해시,신문동,Gyeongsangnam-do,Gimhae,Si
3984,버거킹인제대점,경남,김해시,어방동,Gyeongsangnam-do,Gimhae,Si
3946,롯데리아어방점,경남,김해시,어방동,Gyeongsangnam-do,Gimhae,Si
3996,롯데리아김해내외DI점,경남,김해시,외동,Gyeongsangnam-do,Gimhae,Si
4002,한국맥도날드(유)김해외동DT점,경남,김해시,외동,Gyeongsangnam-do,Gimhae,Si
3951,롯데리아김해율하점,경남,김해시,율하동,Gyeongsangnam-do,Gimhae,Si
6009,롯데리아남해점,경남,남해군,남해읍,Gyeongsangnam-do,Namhae,Gun
10044,롯데리아 홈플러스 밀양점,경남,밀양시,내이동,Gyeongsangnam-do,Miryang,Si
3557,한국맥도날드(유) 밀양DT점,경남,밀양시,삼문동,Gyeongsangnam-do,Miryang,Si
7686,롯데리아벌리점,경남,사천시,벌리동,Gyeongsangnam-do,Sacheon,Si
7688,롯데리아사천점,경남,사천시,사천읍,Gyeongsangnam-do,Sacheon,Si
603,버거킹,경남,사천시,사천읍,Gyeongsangnam-do,Sacheon,Si
7693,한국맥도날드(유)사천DT점,경남,사천시,사천읍,Gyeongsangnam-do,Sacheon,Si
4844,맥도날드 양산점,경남,양산시,동면,Gyeongsangnam-do,Yangsan,Si
4851,롯데리아 양산 석산점,경남,양산시,동면,Gyeongsangnam-do,Yangsan,Si
3645,롯데리아 양산물금점,경남,양산시,물금읍,Gyeongsangnam-do,Yangsan,Si
8145,롯데리아 양산증산점,경남,양산시,물금읍,Gyeongsangnam-do,Yangsan,Si
4832,롯데리아 양산부산대점,경남,양산시,물금읍,Gyeongsangnam-do,Yangsan,Si
4829,롯데리아양산점,경남,양산시,북부동,Gyeongsangnam-do,Yangsan,Si
4823,롯데마트 롯데리아 웅상점,경남,양산시,삼호동,Gyeongsangnam-do,Yangsan,Si
4836,한국맥도날드 웅상점,경남,양산시,삼호동,Gyeongsangnam-do,Yangsan,Si
4850,맥도날드 양산덕계 DT점,경남,양산시,신기동,Gyeongsangnam-do,Yangsan,Si
4858,맥도날드 양산북정DT점,경남,양산시,신기동,Gyeongsangnam-do,Yangsan,Si
4827,롯데리아중부점,경남,양산시,중부동,Gyeongsangnam-do,Yangsan,Si
8324,버거킹진주경상대점,경남,진주시,가좌동,Gyeongsangnam-do,Jinju,Si
3239,롯데리아(경상대점),경남,진주시,가좌동,Gyeongsangnam-do,Jinju,Si
7481,한국맥도날드(유)진주가좌DT점,경남,진주시,가좌동,Gyeongsangnam-do,Jinju,Si
3245,롯데리아금산점,경남,진주시,금산면,Gyeongsangnam-do,Jinju,Si
3240,롯데리아상대점,경남,진주시,상대동,Gyeongsangnam-do,Jinju,Si
8104,롯데리아진주신안점,경남,진주시,신안동,Gyeongsangnam-do,Jinju,Si
3252,롯데리아진주터미널점,경남,진주시,장대동,Gyeongsangnam-do,Jinju,Si
3244,맥도날드 진주칠암DT점,경남,진주시,주약동,Gyeongsangnam-do,Jinju,Si
4200,롯데리아 진주초전디아이점,경남,진주시,초전동,Gyeongsangnam-do,Jinju,Si
2762,버거킹진주혁신점,경남,진주시,충무공동,Gyeongsangnam-do,Jinju,Si
7921,롯데리아진주혁신도시점,경남,진주시,충무공동,Gyeongsangnam-do,Jinju,Si
271,롯데리아 롯데아울렛진주점,경남,진주시,충무공동,Gyeongsangnam-do,Jinju,Si
3246,롯데리아산업대점,경남,진주시,칠암동,Gyeongsangnam-do,Jinju,Si
3251,버거킹진주평거점,경남,진주시,평거동,Gyeongsangnam-do,Jinju,Si
3247,롯데리아 진주평거점,경남,진주시,평거동,Gyeongsangnam-do,Jinju,Si
3258,롯데리아진주하대점,경남,진주시,하대동,Gyeongsangnam-do,Jinju,Si
1069,롯데리아 경남남지점,경남,창녕군,남지읍,Gyeongsangnam-do,Changnyeong,Gun
8823,롯데리아북마산점,경남,창원시,마산합포구,Gyeongsangnam-do,Changwon,Si
8836,한국맥도날드마산DT점,경남,창원시,마산합포구,Gyeongsangnam-do,Changwon,Si
8824,롯데리아,경남,창원시,마산합포구,Gyeongsangnam-do,Changwon,Si
8797,롯데리아 마산진동점,경남,창원시,마산합포구,Gyeongsangnam-do,Changwon,Si
8821,롯데리아창동점,경남,창원시,마산합포구,Gyeongsangnam-do,Changwon,Si
8819,롯데리아롯데마트마산점,경남,창원시,마산합포구,Gyeongsangnam-do,Changwon,Si
8839,한국맥도날드 유한회사 신마산점,경남,창원시,마산합포구,Gyeongsangnam-do,Changwon,Si
6267,버거킹 경남대점,경남,창원시,마산합포구,Gyeongsangnam-do,Changwon,Si
1742,롯데리아 마산현동점,경남,창원시,마산합포구,Gyeongsangnam-do,Changwon,Si
3691,버거킹 마산내서삼계SK점,경남,창원시,마산회원구,Gyeongsangnam-do,Changwon,Si
8820,롯데리아 마산내서점,경남,창원시,마산회원구,Gyeongsangnam-do,Changwon,Si
8807,한국맥도날드(유) 창원내DT점,경남,창원시,마산회원구,Gyeongsangnam-do,Changwon,Si
8854,롯데리아마산호계점,경남,창원시,마산회원구,Gyeongsangnam-do,Changwon,Si
8769,롯데리아마산역점,경남,창원시,마산회원구,Gyeongsangnam-do,Changwon,Si
8862,롯데리아,경남,창원시,마산회원구,Gyeongsangnam-do,Changwon,Si
5288,롯데리아 롯데마트마산양덕점,경남,창원시,마산회원구,Gyeongsangnam-do,Changwon,Si
8858,롯데리아 마산터미널점,경남,창원시,마산회원구,Gyeongsangnam-do,Changwon,Si
6300,롯데리아 마산합성삼성점,경남,창원시,마산회원구,Gyeongsangnam-do,Changwon,Si
8766,롯데리아 하나로마트남창원점,경남,창원시,성산구,Gyeongsangnam-do,Changwon,Si
8887,롯데리아창원대방점,경남,창원시,성산구,Gyeongsangnam-do,Changwon,Si
8808,한국맥도날드(유) 창원사파DT점,경남,창원시,성산구,Gyeongsangnam-do,Changwon,Si
8882,롯데리아창원상남점,경남,창원시,성산구,Gyeongsangnam-do,Changwon,Si
9240,버거킹창원상남에프에스점,경남,창원시,성산구,Gyeongsangnam-do,Changwon,Si
8757,한국맥도날드(유)창원상남점,경남,창원시,성산구,Gyeongsangnam-do,Changwon,Si
8837,롯데리아창원성원점,경남,창원시,성산구,Gyeongsangnam-do,Changwon,Si
8885,롯데리아롯데백창원식품관점,경남,창원시,성산구,Gyeongsangnam-do,Changwon,Si
8893,한국맥도날드유한회사이마트창원점,경남,창원시,성산구,Gyeongsangnam-do,Changwon,Si
8884,롯데리아창원중앙점,경남,창원시,성산구,Gyeongsangnam-do,Changwon,Si
8880,한국맥도날드 창원시티세븐점,경남,창원시,의창구,Gyeongsangnam-do,Changwon,Si
8879,롯데리아 롯데마트시티세븐점,경남,창원시,의창구,Gyeongsangnam-do,Changwon,Si
8876,롯데리아도계점,경남,창원시,의창구,Gyeongsangnam-do,Changwon,Si
8796,롯데리아 창원동읍점,경남,창원시,의창구,Gyeongsangnam-do,Changwon,Si
166,롯데리아 감계점,경남,창원시,의창구,Gyeongsangnam-do,Changwon,Si
5289,롯데리아 무동점,경남,창원시,의창구,Gyeongsangnam-do,Changwon,Si
8890,롯데리아창원대점,경남,창원시,의창구,Gyeongsangnam-do,Changwon,Si
8741,롯데리아 창원소답점,경남,창원시,의창구,Gyeongsangnam-do,Changwon,Si
8752,롯데리아창원용호점,경남,창원시,의창구,Gyeongsangnam-do,Changwon,Si
8762,맥도날드 창원역DT점,경남,창원시,의창구,Gyeongsangnam-do,Changwon,Si
8726,롯데리아홈플러스 창원점,경남,창원시,의창구,Gyeongsangnam-do,Changwon,Si
8891,롯데리아창원팔용점,경남,창원시,의창구,Gyeongsangnam-do,Changwon,Si
8784,롯데리아롯데마트진해점,경남,창원시,진해구,Gyeongsangnam-do,Changwon,Si
8813,한국맥도날드(유)진해자은D/T점,경남,창원시,진해구,Gyeongsangnam-do,Changwon,Si
9602,롯데리아(장천점),경남,창원시,진해구,Gyeongsangnam-do,Changwon,Si
8754,롯데리아진해중앙점,경남,창원시,진해구,Gyeongsangnam-do,Changwon,Si
10194,한국맥도날드(유)통영죽림DT점,경남,통영시,광도면,Gyeongsangnam-do,Tongyeong,Si
10183,롯데리아통영죽림점,경남,통영시,광도면,Gyeongsangnam-do,Tongyeong,Si
10173,롯데리아(롯데마트통영점),경남,통영시,무전동,Gyeongsangnam-do,Tongyeong,Si
10176,맥도날드 통영 SK DT 점,경남,통영시,북신동,Gyeongsangnam-do,Tongyeong,Si
10174,롯데리아통영점,경남,통영시,항남동,Gyeongsangnam-do,Tongyeong,Si
10447,롯데리아 하동점,경남,하동군,하동읍,Gyeongsangnam-do,Hadong,Gun
9106,롯데리아 경남함안점,경남,함안군,가야읍,Gyeongsangnam-do,Haman,Gun
9094,롯데리아(함양점),경남,함양군,함양읍,Gyeongsangnam-do,Hamyang,Gun
2321,롯데리아 합천점,경남,합천군,합천읍,Gyeongsangnam-do,Hapcheon,Gun
4816,버거킹경산사동점,경북,경산시,사동,Gyeongsangbuk-do,Gyeongsan,Si
4794,롯데리아,경북,경산시,중방동,Gyeongsangbuk-do,Gyeongsan,Si
4795,홈플러스경산롯데리아,경북,경산시,중방동,Gyeongsangbuk-do,Gyeongsan,Si
4511,버거킹대구대점,경북,경산시,진량읍,Gyeongsangbuk-do,Gyeongsan,Si
4812,롯데리아경산진량점,경북,경산시,진량읍,Gyeongsangbuk-do,Gyeongsan,Si
4779,롯데리아하양점,경북,경산시,하양읍,Gyeongsangbuk-do,Gyeongsan,Si
2685,롯데리아대구가톨릭대점,경북,경산시,하양읍,Gyeongsangbuk-do,Gyeongsan,Si
505,버거킹 경산하양오일뱅크점,경북,경산시,하양읍,Gyeongsangbuk-do,Gyeongsan,Si
8709,신경주역 롯데리아,경북,경주시,건천읍,Gyeongsangbuk-do,Gyeongju,Si
8700,한국맥도날드(유) 경주황남 DT 점,경북,경주시,노서동,Gyeongsangbuk-do,Gyeongju,Si
8703,롯데리아경주점,경북,경주시,동부동,Gyeongsangbuk-do,Gyeongju,Si
9807,롯데리아 지티점,경북,경주시,신평동,Gyeongsangbuk-do,Gyeongju,Si
8689,경주킴스점롯데리아,경북,경주시,용강동,Gyeongsangbuk-do,Gyeongju,Si
6269,버거킹경주보문점,경북,경주시,천군동,Gyeongsangbuk-do,Gyeongju,Si
8686,롯데리아황성점,경북,경주시,황성동,Gyeongsangbuk-do,Gyeongju,Si
3309,롯데리아 고령점,경북,고령군,대가야읍,Gyeongsangbuk-do,Goryeong,Gun
2708,롯데리아문성점,경북,구미시,고아읍,Gyeongsangbuk-do,Gumi,Si
6986,롯데리아구미공단점,경북,구미시,공단동,Gyeongsangbuk-do,Gumi,Si
6981,버거킹구미이마트점,경북,구미시,광평동,Gyeongsangbuk-do,Gumi,Si
7002,롯데리아 홈플러스광평점,경북,구미시,광평동,Gyeongsangbuk-do,Gumi,Si
6999,롯데리아구미진평점,경북,구미시,구평동,Gyeongsangbuk-do,Gumi,Si
6963,롯데리아도량점,경북,구미시,도량동,Gyeongsangbuk-do,Gumi,Si
6991,맥도날드구미도량DT점,경북,구미시,도량동,Gyeongsangbuk-do,Gumi,Si
6972,롯데리아봉곡점,경북,구미시,봉곡동,Gyeongsangbuk-do,Gumi,Si
9867,버거킹구미시청FS점,경북,구미시,송정동,Gyeongsangbuk-do,Gumi,Si
6951,롯데리아구미동아점,경북,구미시,송정동,Gyeongsangbuk-do,Gumi,Si
7003,롯데리아 롯데마트점,경북,구미시,신평동,Gyeongsangbuk-do,Gumi,Si
6994,롯데리아오태점,경북,구미시,오태동,Gyeongsangbuk-do,Gumi,Si
5394,한국맥도날드(유) 구미옥계DT점,경북,구미시,옥계동,Gyeongsangbuk-do,Gumi,Si
6959,롯데리아양포점,경북,구미시,옥계동,Gyeongsangbuk-do,Gumi,Si
6974,롯데리아,경북,구미시,원평동,Gyeongsangbuk-do,Gumi,Si
6998,롯데리아원평점,경북,구미시,원평동,Gyeongsangbuk-do,Gumi,Si
1429,맥도날드구미인동디티점,경북,구미시,인의동,Gyeongsangbuk-do,Gumi,Si
6997,롯데리아인동점,경북,구미시,인의동,Gyeongsangbuk-do,Gumi,Si
2535,버거킹인의점,경북,구미시,인의동,Gyeongsangbuk-do,Gumi,Si
6954,(주)롯데리아 구미상모점,경북,구미시,임은동,Gyeongsangbuk-do,Gumi,Si
6985,맥도날드구미형곡점,경북,구미시,형곡동,Gyeongsangbuk-do,Gumi,Si
6968,롯데리아 구미형곡점,경북,구미시,형곡동,Gyeongsangbuk-do,Gumi,Si
4763,롯데리아김천EXP점,경북,김천시,신음동,Gyeongsangbuk-do,Gimcheon,Si
156,모다아울렛김천점롯데리아,경북,김천시,아포읍,Gyeongsangbuk-do,Gimcheon,Si
4500,버거킹김천혁신도시점,경북,김천시,율곡동,Gyeongsangbuk-do,Gimcheon,Si
4765,한국맥도날드(유)김천DT점,경북,김천시,평화동,Gyeongsangbuk-do,Gimcheon,Si
6937,롯데리아홈플러스문경점,경북,문경시,모전동,Gyeongsangbuk-do,Mungyeong,Si
6941,롯데리아 문경새재점,경북,문경시,문경읍,Gyeongsangbuk-do,Mungyeong,Si
6936,롯데리아점촌점,경북,문경시,점촌동,Gyeongsangbuk-do,Mungyeong,Si
4864,롯데리아 경북봉화점,경북,봉화군,봉화읍,Gyeongsangbuk-do,Bonghwa,Gun
6927,버거킹 경북 상주점,경북,상주시,남성동,Gyeongsangbuk-do,Sangju,Si
6926,롯데리아,경북,상주시,서문동,Gyeongsangbuk-do,Sangju,Si
1936,롯데리아상주특설점,경북,상주시,서문동,Gyeongsangbuk-do,Sangju,Si
4164,롯데리아성주점,경북,성주군,성주읍,Gyeongsangbuk-do,Seongju,Gun
3306,버거킹안동중앙점,경북,안동시,남부동,Gyeongsangbuk-do,Andong,Si
3271,롯데리아안동점,경북,안동시,삼산동,Gyeongsangbuk-do,Andong,Si
3283,롯데리아안동터미널점,경북,안동시,송현동,Gyeongsangbuk-do,Andong,Si
3270,롯데리아안동옥동점,경북,안동시,옥동,Gyeongsangbuk-do,Andong,Si
3300,롯데리아SK안동용상DT,경북,안동시,용상동,Gyeongsangbuk-do,Andong,Si
3273,롯데리아홈플러스안동점,경북,안동시,운흥동,Gyeongsangbuk-do,Andong,Si
1682,롯데리아 경북도청점,경북,안동시,풍천면,Gyeongsangbuk-do,Andong,Si
6945,롯데리아 영덕점,경북,영덕군,영덕읍,Gyeongsangbuk-do,Yeongdeok,Gun
4425,롯데리아영주가흥점,경북,영주시,가흥동,Gyeongsangbuk-do,Yeongju,Si
7683,롯데리아경북풍기점,경북,영주시,풍기읍,Gyeongsangbuk-do,Yeongju,Si
7680,롯데리아영주점,경북,영주시,하망동,Gyeongsangbuk-do,Yeongju,Si
7684,롯데리아홈플러스영주점,경북,영주시,휴천동,Gyeongsangbuk-do,Yeongju,Si
2517,롯데리아영천시장점,경북,영천시,완산동,Gyeongsangbuk-do,Yeongcheon,Si
2521,롯데리아 영천DT점,경북,영천시,조교동,Gyeongsangbuk-do,Yeongcheon,Si
8951,롯데리아,경북,예천군,예천읍,Gyeongsangbuk-do,Yecheon,Gun
6015,롯데리아 울진D.I점,경북,울진군,울진읍,Gyeongsangbuk-do,Uljin,Gun
6001,롯데리아 청도점,경북,청도군,청도읍,Gyeongsangbuk-do,Cheongdo,Gun
6000,롯데리아칠곡석적점,경북,칠곡군,석적읍,Gyeongsangbuk-do,Chilgok,Gun
5991,롯데리아왜관점,경북,칠곡군,왜관읍,Gyeongsangbuk-do,Chilgok,Gun
1162,한국맥도날드(유)포항남부DT점,경북,포항시,남구,Gyeongsangbuk-do,Pohang,Si
1707,버거킹 포항버스터미널점,경북,포항시,남구,Gyeongsangbuk-do,Pohang,Si
1107,롯데리아 오천점,경북,포항시,남구,Gyeongsangbuk-do,Pohang,Si
1122,롯데리아 문덕점,경북,포항시,남구,Gyeongsangbuk-do,Pohang,Si
1104,롯데리아이동점,경북,포항시,남구,Gyeongsangbuk-do,Pohang,Si
1152,한국맥도날드 유한회사 이마트포항점,경북,포항시,남구,Gyeongsangbuk-do,Pohang,Si
6550,롯데리아포항효자점,경북,포항시,남구,Gyeongsangbuk-do,Pohang,Si
1158,버거킹 포항공대점,경북,포항시,남구,Gyeongsangbuk-do,Pohang,Si
1080,롯데리아두호점,경북,포항시,북구,Gyeongsangbuk-do,Pohang,Si
1109,한국맥도날드(유)포항북부 DT점,경북,포항시,북구,Gyeongsangbuk-do,Pohang,Si
1091,롯데리아포항점,경북,포항시,북구,Gyeongsangbuk-do,Pohang,Si
1151,한국맥도날드 유한회사 포항2호점,경북,포항시,북구,Gyeongsangbuk-do,Pohang,Si
1095,롯데리아(포항대흥점),경북,포항시,북구,Gyeongsangbuk-do,Pohang,Si
1113,롯데리아 포항양덕점,경북,포항시,북구,Gyeongsangbuk-do,Pohang,Si
1150,버거킹포항법원앞SK점,경북,포항시,북구,Gyeongsangbuk-do,Pohang,Si
1110,한국맥도날드(유)포항장성DT점,경북,포항시,북구,Gyeongsangbuk-do,Pohang,Si
1090,롯데리아포항오거리점,경북,포항시,북구,Gyeongsangbuk-do,Pohang,Si
1082,롯데리아포항죽도점,경북,포항시,북구,Gyeongsangbuk-do,Pohang,Si
8350,버거킹한동대점,경북,포항시,북구,Gyeongsangbuk-do,Pohang,Si
5058,맥도날드산정DT점,광주광역시,광산구,산정동,Gwangju,Gwangsan,Gu
3378,롯데리아광주선운점,광주광역시,광산구,선암동,Gwangju,Gwangsan,Gu
5068,버거킹호남대점,광주광역시,광산구,선암동,Gwangju,Gwangsan,Gu
5079,롯데리아광주송정점,광주광역시,광산구,송정동,Gwangju,Gwangsan,Gu
5097,롯데리아수완점,광주광역시,광산구,수완동,Gwangju,Gwangsan,Gu
5065,버거킹수완점,광주광역시,광산구,수완동,Gwangju,Gwangsan,Gu
9651,롯데리아하나로마트광주수완점,광주광역시,광산구,신가동,Gwangju,Gwangsan,Gu
5076,롯데리아 롯데마트첨단점,광주광역시,광산구,쌍암동,Gwangju,Gwangsan,Gu
5073,롯데리아운남점,광주광역시,광산구,운남동,Gwangju,Gwangsan,Gu
5061,주식회사버거킹월계점,광주광역시,광산구,월계동,Gwangju,Gwangsan,Gu
5075,(주)대영하남롯데리아하남점,광주광역시,광산구,월곡동,Gwangju,Gwangsan,Gu
5051,롯데리아(롯데마트수완점),광주광역시,광산구,장덕동,Gwangju,Gwangsan,Gu
5054,롯데씨네마 롯데리아 광주수완점,광주광역시,광산구,장덕동,Gwangju,Gwangsan,Gu
8170,롯데리아광주하남2지구점,광주광역시,광산구,하남동,Gwangju,Gwangsan,Gu
2740,롯데리아 광주 백운점,광주광역시,남구,백운동,Gwangju,Nam,Gu
7427,한국맥도날드(유)광주월산DT점,광주광역시,남구,월산동,Gwangju,Nam,Gu
7426,롯데리아광주월D/T,광주광역시,남구,주월동,Gwangju,Nam,Gu
4348,한국맥도날드 광주진월DT,광주광역시,남구,진월동,Gwangju,Nam,Gu
8408,롯데리아두암점,광주광역시,북구,두암동,Gwangju,Buk,Gu
8413,롯데리아 문흥점,광주광역시,북구,문흥동,Gwangju,Buk,Gu
3624,롯데리아광주패밀리랜드(특설),광주광역시,북구,생용동,Gwangju,Buk,Gu
8414,광주버거킹신용점,광주광역시,북구,신용동,Gwangju,Buk,Gu
8407,롯데리아신용점,광주광역시,북구,신용동,Gwangju,Buk,Gu
8419,롯데리아(오치동),광주광역시,북구,오치동,Gwangju,Buk,Gu
8418,롯데리아 용봉점,광주광역시,북구,용봉동,Gwangju,Buk,Gu
8425,한국맥도날드용봉DT점,광주광역시,북구,용봉동,Gwangju,Buk,Gu
8410,한국맥도날드(유)전남대DT점,광주광역시,북구,용봉동,Gwangju,Buk,Gu
8403,롯데리아전대점,광주광역시,북구,용봉동,Gwangju,Buk,Gu
8402,롯데리아광주동강대점,광주광역시,북구,우산동,Gwangju,Buk,Gu
8401,롯데리아광주일곡점,광주광역시,북구,일곡동,Gwangju,Buk,Gu
4285,버거킹전남대후문점,광주광역시,북구,중흥동,Gwangju,Buk,Gu
535,버거킹광주터미널점,광주광역시,서구,광천동,Gwangju,Seo,Gu
526,유)혜승 롯데리아 광주터미널본점,광주광역시,서구,광천동,Gwangju,Seo,Gu
525,롯데리아광주금호점,광주광역시,서구,금호동,Gwangju,Seo,Gu
541,롯데리아동림점,광주광역시,서구,동천동,Gwangju,Seo,Gu
539,한국맥도날드(유)광주쌍촌DT점,광주광역시,서구,쌍촌동,Gwangju,Seo,Gu
527,한국맥도날드 유한회사 상무대점,광주광역시,서구,치평동,Gwangju,Seo,Gu
552,롯데리아치평점,광주광역시,서구,치평동,Gwangju,Seo,Gu
547,버거킹광주상무점,광주광역시,서구,치평동,Gwangju,Seo,Gu
528,롯데리아 롯데마트 광주점,광주광역시,서구,치평동,Gwangju,Seo,Gu
533,롯데리아풍암점,광주광역시,서구,풍암동,Gwangju,Seo,Gu
546,롯데리아 광주농성D/T,광주광역시,서구,화정동,Gwangju,Seo,Gu
5302,맥도날드대구교대DT점,대구광역시,남구,대명동,Daegu,Nam,Gu
7372,롯데리아계명점,대구광역시,남구,대명동,Daegu,Nam,Gu
7375,롯데리아영대병원점,대구광역시,남구,대명동,Daegu,Nam,Gu
7368,롯데리아안지랑점,대구광역시,남구,대명동,Daegu,Nam,Gu
7370,롯데리아봉덕점,대구광역시,남구,봉덕동,Daegu,Nam,Gu
2135,맥도날드 본리점,대구광역시,달서구,감삼동,Daegu,Dalseo,Gu
2153,버거킹죽전네거리(D/T점),대구광역시,달서구,감삼동,Daegu,Dalseo,Gu
2139,한국맥도날드 유한회사 이마트월배점,대구광역시,달서구,대천동,Daegu,Dalseo,Gu
2094,롯데리아대곡점,대구광역시,달서구,도원동,Daegu,Dalseo,Gu
2148,맥도날드 두류DT점,대구광역시,달서구,두류동,Daegu,Dalseo,Gu
2096,롯데리아홈플러스점,대구광역시,달서구,상인동,Daegu,Dalseo,Gu
2140,버거킹 상인에스케이(SK)점,대구광역시,달서구,상인동,Daegu,Dalseo,Gu
2098,(주)삼우푸드시스템 롯데리아상인점,대구광역시,달서구,상인동,Daegu,Dalseo,Gu
2155,한국맥도날드(유) 대구상인DT점,대구광역시,달서구,상인동,Daegu,Dalseo,Gu
2147,롯데리아대구성당D/T점,대구광역시,달서구,성당동,Daegu,Dalseo,Gu
2117,(주)유앤원 롯데리아 서부정류장점,대구광역시,달서구,송현동,Daegu,Dalseo,Gu
2100,롯데리아신당점,대구광역시,달서구,신당동,Daegu,Dalseo,Gu
2097,롯데리아용산점,대구광역시,달서구,용산동,Daegu,Dalseo,Gu
2083,한국맥도날드 유한회사 대구용산점,대구광역시,달서구,용산동,Daegu,Dalseo,Gu
2146,롯데리아 홈플러스대구성서점,대구광역시,달서구,용산동,Daegu,Dalseo,Gu
2076,롯데리아월성점,대구광역시,달서구,월성동,Daegu,Dalseo,Gu
2154,한국맥도날드(유) 대구이곡DT점,대구광역시,달서구,이곡동,Daegu,Dalseo,Gu
2132,롯데리아 대구이곡,대구광역시,달서구,이곡동,Daegu,Dalseo,Gu
3646,버거킹 대구성서이마트점,대구광역시,달서구,이곡동,Daegu,Dalseo,Gu
2157,롯데리아진천역점,대구광역시,달서구,진천동,Daegu,Dalseo,Gu
2122,맥도날드 대구진천DT점,대구광역시,달서구,진천동,Daegu,Dalseo,Gu
2123,한국맥도날드(유) 모다 SK DT점,대구광역시,달서구,호산동,Daegu,Dalseo,Gu
2057,롯데리아스파밸리점,대구광역시,달성군,가창면,Daegu,Dalseong,Gun
273,롯데리아 대구가창 D/T 점,대구광역시,달성군,가창면,Daegu,Dalseong,Gun
2044,롯데리아논공점,대구광역시,달성군,논공읍,Daegu,Dalseong,Gun
2063,롯데리아서재점,대구광역시,달성군,다사읍,Daegu,Dalseong,Gun
6490,롯데리아 세천점,대구광역시,달성군,다사읍,Daegu,Dalseong,Gun
7183,한국맥도날드(유)대구다사DT점,대구광역시,달성군,다사읍,Daegu,Dalseong,Gun
2043,롯데리아다사점,대구광역시,달성군,다사읍,Daegu,Dalseong,Gun
302,(주)버거킹티피,대구광역시,달성군,현풍면,Daegu,Dalseong,Gun
9569,롯데리아 현풍테크노폴리스점,대구광역시,달성군,현풍면,Daegu,Dalseong,Gun
2062,롯데리아 대곡역점,대구광역시,달성군,화원읍,Daegu,Dalseong,Gun
2045,롯데리아(화원점),대구광역시,달성군,화원읍,Daegu,Dalseong,Gun
20,롯데리아 동호DT점,대구광역시,동구,동호동,Daegu,Dong,Gu
34,롯데리아 방촌점,대구광역시,동구,방촌동,Daegu,Dong,Gu
33,한국맥도날드 유한회사 대구방촌점,대구광역시,동구,방촌동,Daegu,Dong,Gu
25,롯데리아롯데몰이시아폴리스점,대구광역시,동구,봉무동,Daegu,Dong,Gu
10,롯데리아 신기점,대구광역시,동구,신기동,Daegu,Dong,Gu
14,버거킹반야월이마트점,대구광역시,동구,신서동,Daegu,Dong,Gu
31,(주)버거마을 롯데리아신암점,대구광역시,동구,신암동,Daegu,Dong,Gu
7173,롯데리아 궁전라벤더점,대구광역시,동구,신암동,Daegu,Dong,Gu
22,동대구 롯데리아,대구광역시,동구,신암동,Daegu,Dong,Gu
27,동대구역 롯데리아 2호점,대구광역시,동구,신암동,Daegu,Dong,Gu
32,롯데리아동양터미널점,대구광역시,동구,신천동,Daegu,Dong,Gu
26,롯데리아 대구율하점,대구광역시,동구,율하동,Daegu,Dong,Gu
7171,롯데리아 대구율하중앙점,대구광역시,동구,율하동,Daegu,Dong,Gu
11,롯데리아 아양교점,대구광역시,동구,효목동,Daegu,Dong,Gu
6569,롯데리아칠곡구암점,대구광역시,북구,구암동,Daegu,Buk,Gu
6580,롯데리아홈플러스칠곡점,대구광역시,북구,동천동,Daegu,Buk,Gu
9417,맥도날드복현DT점,대구광역시,북구,복현동,Daegu,Buk,Gu
6565,롯데리아복현점,대구광역시,북구,복현동,Daegu,Buk,Gu
1685,롯데리아금호사수점,대구광역시,북구,사수동,Daegu,Buk,Gu
6571,롯데리아대구스펙트럼점,대구광역시,북구,칠성동2가,Daegu,Buk,Gu
4347,롯데리아롯데백화점대구점,대구광역시,북구,칠성동2가,Daegu,Buk,Gu
5143,대구역롯데리아,대구광역시,북구,칠성동2가,Daegu,Buk,Gu
6586,(주)롯데리아크리스피크림롯데대구점,대구광역시,북구,칠성동2가,Daegu,Buk,Gu
6613,롯데리아홈플러스대구점,대구광역시,북구,칠성동2가,Daegu,Buk,Gu
4471,버거킹대구삼성창조캠퍼스점,대구광역시,북구,침산동,Daegu,Buk,Gu
6579,맥도날드대구침산DT점,대구광역시,북구,침산동,Daegu,Buk,Gu
6596,롯데리아대구칠곡매천점,대구광역시,북구,태전동,Daegu,Buk,Gu
6601,한국맥도날드(유)대구태전DT점,대구광역시,북구,태전동,Daegu,Buk,Gu
8236,롯데리아감삼점,대구광역시,서구,내당동,Daegu,Seo,Gu
8248,롯데리아홈플러스내당점,대구광역시,서구,내당동,Daegu,Seo,Gu
8234,롯데리아북부터미널점,대구광역시,서구,비산동,Daegu,Seo,Gu
8235,롯데리아북비산네거리점,대구광역시,서구,비산동,Daegu,Seo,Gu
8231,롯데리아퀸스로드점,대구광역시,서구,중리동,Daegu,Seo,Gu
7348,버거킹 대구평리DT점,대구광역시,서구,평리동,Daegu,Seo,Gu
8233,롯데리아평리점,대구광역시,서구,평리동,Daegu,Seo,Gu
5472,롯데리아 대구스타디움점,대구광역시,수성구,대흥동,Daegu,Suseong,Gu
5502,롯데리아두산D/I점,대구광역시,수성구,두산동,Daegu,Suseong,Gu
5487,롯데리아(만촌점),대구광역시,수성구,만촌동,Daegu,Suseong,Gu
5460,롯데리아(효목점),대구광역시,수성구,만촌동,Daegu,Suseong,Gu
5491,한국맥도날드유한회사이마트만촌점,대구광역시,수성구,만촌동,Daegu,Suseong,Gu
5464,버거킹대구만촌점,대구광역시,수성구,만촌동,Daegu,Suseong,Gu
5494,맥도날드대구만촌DT점,대구광역시,수성구,만촌동,Daegu,Suseong,Gu
5474,맥도날드대구시지DT점,대구광역시,수성구,매호동,Daegu,Suseong,Gu
5461,롯데리아지산점,대구광역시,수성구,범물동,Daegu,Suseong,Gu
5500,롯데리아청구네거리점,대구광역시,수성구,범어동,Daegu,Suseong,Gu
5478,롯데리아수성구청점,대구광역시,수성구,범어동,Daegu,Suseong,Gu
5465,버거킹대구범어점,대구광역시,수성구,범어동,Daegu,Suseong,Gu
5508,한국맥도날드(유)대구수성DT점,대구광역시,수성구,수성동4가,Daegu,Suseong,Gu
4192,버거킹대구시지점,대구광역시,수성구,신매동,Daegu,Suseong,Gu
5498,롯데리아월드컵대로점,대구광역시,수성구,욱수동,Daegu,Suseong,Gu
5469,롯데리아(나이스점),대구광역시,수성구,중동,Daegu,Suseong,Gu
5495,맥도날드대구희망DT점,대구광역시,수성구,중동,Daegu,Suseong,Gu
8106,버거킹지산점,대구광역시,수성구,지산동,Daegu,Suseong,Gu
5501,맥도날드대구황금DT점,대구광역시,수성구,황금동,Daegu,Suseong,Gu
9713,롯데리아 동성로2호점,대구광역시,중구,공평동,Daegu,Jung,Gu
9708,롯데리아 명덕네거리점,대구광역시,중구,남산동,Daegu,Jung,Gu
7919,버거킹 경대병원역SK,대구광역시,중구,대봉동,Daegu,Jung,Gu
9712,버거킹 대구문화점,대구광역시,중구,동성로2가,Daegu,Jung,Gu
9707,롯데리아 대구동성로점,대구광역시,중구,동성로2가,Daegu,Jung,Gu
9711,맥도날드 동성로 교보점,대구광역시,중구,동성로2가,Daegu,Jung,Gu
9710,한국맥도날드 유한회사 동성로2호점,대구광역시,중구,사일동,Daegu,Jung,Gu
9702,롯데리아 경대병원점,대구광역시,중구,삼덕동2가,Daegu,Jung,Gu
4035,롯데리아법동점,대전광역시,대덕구,법동,Daejeon,Daedeok,Gu
4039,롯데리아비래점,대전광역시,대덕구,비래동,Daejeon,Daedeok,Gu
4028,롯데리아 가양D/T점,대전광역시,대덕구,비래동,Daejeon,Daedeok,Gu
4031,맥도날드대전신탄진디티점,대전광역시,대덕구,상서동,Daejeon,Daedeok,Gu
4038,롯데리아송촌점,대전광역시,대덕구,송촌동,Daejeon,Daedeok,Gu
4036,롯데리아신탄진점,대전광역시,대덕구,신탄진동,Daejeon,Daedeok,Gu
4026,롯데리아한남대점,대전광역시,대덕구,오정동,Daejeon,Daedeok,Gu
4025,롯데리아에스케이와동디티점,대전광역시,대덕구,와동,Daejeon,Daedeok,Gu
4023,맥도날드대전한남대디티점,대전광역시,대덕구,중리동,Daejeon,Daedeok,Gu
4034,롯데리아중리점,대전광역시,대덕구,중리동,Daejeon,Daedeok,Gu
6286,롯데리아 패션아일랜드점,대전광역시,동구,가오동,Daejeon,Dong,Gu
7461,롯데리아가오점,대전광역시,동구,가오동,Daejeon,Dong,Gu
7474,롯데리아 대전대동점,대전광역시,동구,대동,Daejeon,Dong,Gu
7149,버거킹 대전터미널SK점,대전광역시,동구,성남동,Daejeon,Dong,Gu
7468,롯데리아대전용운점,대전광역시,동구,용운동,Daejeon,Dong,Gu
7477,롯데리아 터미널점,대전광역시,동구,용전동,Daejeon,Dong,Gu
7452,맥도날드대전터미널점,대전광역시,동구,용전동,Daejeon,Dong,Gu
7473,롯데리아 홈플러스동대전점,대전광역시,동구,용전동,Daejeon,Dong,Gu
7454,롯데리아,대전광역시,동구,용전동,Daejeon,Dong,Gu
7458,코레일유통(주)대전역1층롯데리아,대전광역시,동구,정동,Daejeon,Dong,Gu
7436,롯데리아대전중동점,대전광역시,동구,중동,Daejeon,Dong,Gu
5629,롯데리아가수원점,대전광역시,서구,가수원동,Daejeon,Seo,Gu
5670,한국맥도날드(유)대전가수원DT점,대전광역시,서구,가수원동,Daejeon,Seo,Gu
5654,한국맥도날드 유한회사 대전 가장 DT점,대전광역시,서구,가장동,Daejeon,Seo,Gu
5689,롯데리아가장점,대전광역시,서구,가장동,Daejeon,Seo,Gu
5691,롯데리아 갈마점,대전광역시,서구,갈마동,Daejeon,Seo,Gu
5664,롯데리아 대전관저점,대전광역시,서구,관저동,Daejeon,Seo,Gu
5625,롯데리아괴정점,대전광역시,서구,괴정동,Daejeon,Seo,Gu
5698,롯데리아 도마점,대전광역시,서구,도마동,Daejeon,Seo,Gu
5601,롯데리아 대전배재점,대전광역시,서구,도마동,Daejeon,Seo,Gu
5661,버거킹대전도안점,대전광역시,서구,도안동,Daejeon,Seo,Gu
5630,롯데리아대전도안디티점,대전광역시,서구,도안동,Daejeon,Seo,Gu
5651,맥도날드 타임월드점,대전광역시,서구,둔산동,Daejeon,Seo,Gu
5632,버거킹대전둔산점,대전광역시,서구,둔산동,Daejeon,Seo,Gu
5659,롯데리아대전둔산점,대전광역시,서구,둔산동,Daejeon,Seo,Gu
5641,버거킹 대전시청점,대전광역시,서구,둔산동,Daejeon,Seo,Gu
5645,한국맥도날드(유)세이브존대전점,대전광역시,서구,둔산동,Daejeon,Seo,Gu
5682,롯데리아 타임월드,대전광역시,서구,둔산동,Daejeon,Seo,Gu
5633,롯데리아복수점,대전광역시,서구,복수동,Daejeon,Seo,Gu
5662,롯데리아 둔산점,대전광역시,서구,월평동,Daejeon,Seo,Gu
7848,롯데리아 월평점,대전광역시,서구,월평동,Daejeon,Seo,Gu
5652,롯데리아대전정림점,대전광역시,서구,정림동,Daejeon,Seo,Gu
5653,롯데리아탄방홈플러스점,대전광역시,서구,탄방동,Daejeon,Seo,Gu
5618,롯데리아대전시청점,대전광역시,서구,탄방동,Daejeon,Seo,Gu
1047,롯데리아 대전관평점,대전광역시,유성구,관평동,Daejeon,Yuseong,Gu
1040,카이스트 롯데리아점,대전광역시,유성구,구성동,Daejeon,Yuseong,Gu
1025,롯데리아충남대점,대전광역시,유성구,궁동,Daejeon,Yuseong,Gu
1030,롯데리아(홈플러스서대전점),대전광역시,유성구,대정동,Daejeon,Yuseong,Gu
1056,롯데리아 대전한밭대점,대전광역시,유성구,덕명동,Daejeon,Yuseong,Gu
1000,롯데리아 반석점,대전광역시,유성구,반석동,Daejeon,Yuseong,Gu
1011,롯데리아도안신도시점,대전광역시,유성구,봉명동,Daejeon,Yuseong,Gu
1055,맥도날드 유성점,대전광역시,유성구,봉명동,Daejeon,Yuseong,Gu
1005,롯데리아 유성점,대전광역시,유성구,봉명동,Daejeon,Yuseong,Gu
1046,롯데리아 홈플러스유성점,대전광역시,유성구,봉명동,Daejeon,Yuseong,Gu
1003,롯데리아(송강점),대전광역시,유성구,송강동,Daejeon,Yuseong,Gu
2686,롯데리아 자운대점,대전광역시,유성구,신봉동,Daejeon,Yuseong,Gu
1009,롯데리아 신성점,대전광역시,유성구,신성동,Daejeon,Yuseong,Gu
1043,맥도날드(목원대점),대전광역시,유성구,용계동,Daejeon,Yuseong,Gu
1010,롯데리아 (롯데마트서대전점),대전광역시,유성구,원내동,Daejeon,Yuseong,Gu
996,롯데리아전민점,대전광역시,유성구,전민동,Daejeon,Yuseong,Gu
3703,롯데리아 (죽동점),대전광역시,유성구,죽동,Daejeon,Yuseong,Gu
1051,버거킹 대전세종SK점,대전광역시,유성구,하기동,Daejeon,Yuseong,Gu
1018,롯데리아롯데마트대전노은점,대전광역시,유성구,하기동,Daejeon,Yuseong,Gu
6704,롯데리아 대전대사 드라이브,대전광역시,중구,대사동,Daejeon,Jung,Gu
6692,한국맥도날드유한회사대전센트럴에스케이디티점,대전광역시,중구,대흥동,Daejeon,Jung,Gu
2627,한국맥도날드(유)대전문화디티점,대전광역시,중구,문화동,Daejeon,Jung,Gu
1419,한국맥도날드(유)대전부사디티점,대전광역시,중구,부사동,Daejeon,Jung,Gu
5416,롯데리아대전산성점,대전광역시,중구,산성동,Daejeon,Jung,Gu
6683,롯데리아대전중앙점,대전광역시,중구,선화동,Daejeon,Jung,Gu
2881,버거킹대전용두디티점,대전광역시,중구,용두동,Daejeon,Jung,Gu
6701,맥도날드대전유천디티점,대전광역시,중구,유천동,Daejeon,Jung,Gu
6684,롯데리아대전은행점,대전광역시,중구,은행동,Daejeon,Jung,Gu
6698,롯데리아중촌점,대전광역시,중구,중촌동,Daejeon,Jung,Gu
4503,롯데리아 김해국제공항점,부산광역시,강서구,대저2동,Busan,Gangseo,Gu
10081,롯데리아 명지점,부산광역시,강서구,명지동,Busan,Gangseo,Gu
9628,롯데리아,부산광역시,강서구,명지동,Busan,Gangseo,Gu
7329,한국맥도날드 부산명지DT,부산광역시,강서구,명지동,Busan,Gangseo,Gu
6363,롯데리아 신호점,부산광역시,강서구,신호동,Busan,Gangseo,Gu
9452,한국맥도날드(유)부산구서DT점,부산광역시,금정구,구서동,Busan,Gumjung,Gu
9442,롯데리아 범어사역점,부산광역시,금정구,남산동,Busan,Gumjung,Gu
9445,롯데리아부산터미널1호점,부산광역시,금정구,노포동,Busan,Gumjung,Gu
9456,한국맥도날드 유한회사 부곡점,부산광역시,금정구,부곡동,Busan,Gumjung,Gu
9458,롯데리아서동점,부산광역시,금정구,서동,Busan,Gumjung,Gu
9455,한국맥도날드 유한회사 부산대2호점,부산광역시,금정구,장전동,Busan,Gumjung,Gu
9440,롯데리아 부산대점,부산광역시,금정구,장전동,Busan,Gumjung,Gu
9665,롯데리아 롯데동부산아울렛 1층점,부산광역시,기장군,기장읍,Busan,Gijang,Gun
9664,롯데리아 롯데몰동부산점,부산광역시,기장군,기장읍,Busan,Gijang,Gun
9676,한국맥도날드(유) 부산기장DT점,부산광역시,기장군,기장읍,Busan,Gijang,Gun
9672,롯데리아 메가마트기장점,부산광역시,기장군,일광면,Busan,Gijang,Gun
9656,롯데리아부산정관점,부산광역시,기장군,정관읍,Busan,Gijang,Gun
2808,한국맥도날드(유)부산정관DT점,부산광역시,기장군,정관읍,Busan,Gijang,Gun
9671,롯데리아 부산정관모전점,부산광역시,기장군,정관읍,Busan,Gijang,Gun
5114,롯데리아 감만,부산광역시,남구,감만동,Busan,Nam,Gu
5122,맥도날드 부산황령DT점,부산광역시,남구,대연동,Busan,Nam,Gu
5107,롯데리아경성대점,부산광역시,남구,대연동,Busan,Nam,Gu
5129,버거킹 대연GS점,부산광역시,남구,대연동,Busan,Nam,Gu
5110,롯데리아 문현점,부산광역시,남구,문현동,Busan,Nam,Gu
5136,부산동명대DT 맥도날드,부산광역시,남구,용당동,Busan,Nam,Gu
7247,버거킹 부산용호분포SK,부산광역시,남구,용호동,Busan,Nam,Gu
5117,롯데리아 부산용호점,부산광역시,남구,용호동,Busan,Nam,Gu
7820,한국맥도날드(유) 범일SK DT점,부산광역시,동구,범일동,Busan,Dong,Gu
7818,롯데리아 부산진역점,부산광역시,동구,수정동,Busan,Dong,Gu
7817,롯데리아,부산광역시,동구,초량동,Busan,Dong,Gu
7826,롯데리아(4층),부산광역시,동구,초량동,Busan,Dong,Gu
8339,한국맥도날드(유) 부산초량DT점,부산광역시,동구,초량동,Busan,Dong,Gu
7815,롯데리아부산역점,부산광역시,동구,초량동,Busan,Dong,Gu
6281,(주)엠앤에스 맥도날드 사직D/T점,부산광역시,동래구,사직동,Busan,Dongnae,Gu
1386,한국맥도날드 유한회사 안락점,부산광역시,동래구,안락동,Busan,Dongnae,Gu
1388,한국맥도날드 유한회사 원동점,부산광역시,동래구,안락동,Busan,Dongnae,Gu
1370,롯데리아 부산미남역점,부산광역시,동래구,온천동,Busan,Dongnae,Gu
1372,한국맥도날드(유)부산온천SK DT,부산광역시,동래구,온천동,Busan,Dongnae,Gu
1389,롯데리아,부산광역시,동래구,온천동,Busan,Dongnae,Gu
1378,롯데리아  홈플러스동래점,부산광역시,동래구,온천동,Busan,Dongnae,Gu
1384,롯데리아 롯데동래점,부산광역시,동래구,온천동,Busan,Dongnae,Gu
9185,한국맥도날드유한회사가야점,부산광역시,부산진구,가야동,Busan,Busanjin,Gu
9195,롯데리아부산가야점,부산광역시,부산진구,가야동,Busan,Busanjin,Gu
9174,홈플러스 가야점 롯데리아,부산광역시,부산진구,가야동,Busan,Busanjin,Gu
9186,한국맥도날드유한회사개금점,부산광역시,부산진구,개금동,Busan,Busanjin,Gu
9206,롯데리아키즈마트부산점,부산광역시,부산진구,부암동,Busan,Busanjin,Gu
4288,한국맥도날드(유)서면3호점,부산광역시,부산진구,부전동,Busan,Busanjin,Gu
9217,한국맥도날드유한회사서면서점,부산광역시,부산진구,부전동,Busan,Busanjin,Gu
9226,롯데리아부산서면일번가점,부산광역시,부산진구,부전동,Busan,Busanjin,Gu
9208,롯데리아롯데부산본점시네마점,부산광역시,부산진구,부전동,Busan,Busanjin,Gu
9209,롯데리아롯데부산본점,부산광역시,부산진구,부전동,Busan,Busanjin,Gu
9170,롯데리아 부산양정점,부산광역시,부산진구,양정동,Busan,Busanjin,Gu
1767,롯데리아부산전포점,부산광역시,부산진구,전포동,Busan,Busanjin,Gu
9178,맥도날드초읍DT점,부산광역시,부산진구,초읍동,Busan,Busanjin,Gu
7893,맥도날드 부산구남점,부산광역시,북구,구포동,Busan,Buk,Gu
7894,롯데리아 하나로부산점,부산광역시,북구,금곡동,Busan,Buk,Gu
5141,한국맥도날드(유) 부산덕천점,부산광역시,북구,덕천동,Busan,Buk,Gu
7875,한국맥도날드유한회사만덕점,부산광역시,북구,만덕동,Busan,Buk,Gu
7874,한국맥도날드유한회사화명동점,부산광역시,북구,화명동,Busan,Buk,Gu
7870,롯데리아 부산화명점,부산광역시,북구,화명동,Busan,Buk,Gu
7873,롯데리아롯데마트화명점,부산광역시,북구,화명동,Busan,Buk,Gu
8118,롯데리아 부산사상점,부산광역시,사상구,괘법동,Busan,Sasang,Gu
1925,버거킹 부산서부터미널점,부산광역시,사상구,괘법동,Busan,Sasang,Gu
8115,롯데리아(덕포점),부산광역시,사상구,덕포동,Busan,Sasang,Gu
8133,롯데리아 신모라점,부산광역시,사상구,모라동,Busan,Sasang,Gu
9550,한국맥도날드(유) 부산엄궁디티(DT)점,부산광역시,사상구,엄궁동,Busan,Sasang,Gu
8128,롯데리아부산학장점,부산광역시,사상구,학장동,Busan,Sasang,Gu
1470,롯데리아 부산감천점,부산광역시,사하구,감천동,Busan,Saha,Gu
8169,버거킹 괴정점,부산광역시,사하구,괴정동,Busan,Saha,Gu
7180,한국맥도날드(유) 부산다대디티(DT)점,부산광역시,사하구,다대동,Busan,Saha,Gu
1449,롯데리아 탑마트 신다대점,부산광역시,사하구,다대동,Busan,Saha,Gu
1459,롯데리아,부산광역시,사하구,신평동,Busan,Saha,Gu
1451,롯데리아 롯데마트 부산사하점,부산광역시,사하구,장림동,Busan,Saha,Gu
1447,롯데리아 홈플러스장림점,부산광역시,사하구,장림동,Busan,Saha,Gu
1448,롯데리아 장림점,부산광역시,사하구,장림동,Busan,Saha,Gu
1468,롯데리아하단점,부산광역시,사하구,하단동,Busan,Saha,Gu
2622,(주)에스에프에스 부산대학병원 롯데리아점,부산광역시,서구,아미동1가,Busan,Seo,Gu
2640,롯데리아송도점,부산광역시,서구,암남동,Busan,Seo,Gu
1708,한국맥도날드(유) 부산남천DT점,부산광역시,수영구,남천동,Busan,Suyeong,Gu
303,(주)맥원맥도날드메가마트남천점,부산광역시,수영구,남천동,Busan,Suyeong,Gu
310,롯데리아 망미점,부산광역시,수영구,망미동,Busan,Suyeong,Gu
8009,롯데리아 민락점,부산광역시,수영구,민락동,Busan,Suyeong,Gu
311,맥도날드 부산수영SK DT점,부산광역시,수영구,수영동,Busan,Suyeong,Gu
8093,맥도날드 부산교대SK DT점,부산광역시,연제구,거제동,Busan,Yeonje,Gu
8087,롯데리아훔플러스아시아드점,부산광역시,연제구,거제동,Busan,Yeonje,Gu
8088,롯데리아 부산 거제점,부산광역시,연제구,거제동,Busan,Yeonje,Gu
8095,롯데리아,부산광역시,연제구,연산동,Busan,Yeonje,Gu
8089,롯데리아부산시청D/T점,부산광역시,연제구,연산동,Busan,Yeonje,Gu
8073,한국맥도날드 유한회사 시청점,부산광역시,연제구,연산동,Busan,Yeonje,Gu
8077,한국맥도날드 유한회사 토곡점,부산광역시,연제구,연산동,Busan,Yeonje,Gu
8100,한국맥도날드(쥬)연산SK DT점,부산광역시,연제구,연산동,Busan,Yeonje,Gu
8074,롯데리아 부산물만골역점,부산광역시,연제구,연산동,Busan,Yeonje,Gu
8090,롯데리아 연산점,부산광역시,연제구,연산동,Busan,Yeonje,Gu
6208,롯데리아영도(동삼점),부산광역시,영도구,동삼동,Busan,Yeongdo,Gu
6231,한국맥도날드(유) 부산영도DT점,부산광역시,영도구,봉래동3가,Busan,Yeongdo,Gu
6222,롯데리아 남항점,부산광역시,영도구,영선동2가,Busan,Yeongdo,Gu
5033,롯데리아 부산비프광장점,부산광역시,중구,남포동5가,Busan,Jung,Gu
7091,한국맥도날드(유) 비프광장(BIFF Square)점,부산광역시,중구,남포동5가,Busan,Jung,Gu
5038,롯데리아부산대청점,부산광역시,중구,대청동3가,Busan,Jung,Gu
5040,롯데리아 남포점,부산광역시,중구,부평동1가,Busan,Jung,Gu
5036,버거킹 부산광복롯데점,부산광역시,중구,중앙동7가,Busan,Jung,Gu
5032,롯데리아,부산광역시,중구,중앙동7가,Busan,Jung,Gu
9274,롯데리아반송점,부산광역시,해운대구,반송동,Busan,Haeundae,Gu
9306,롯데리아 A .G 선수촌점,부산광역시,해운대구,반여동,Busan,Haeundae,Gu
9254,롯데리아 반여점,부산광역시,해운대구,반여동,Busan,Haeundae,Gu
9288,한국맥도날드(유)부산송정DT점,부산광역시,해운대구,송정동,Busan,Haeundae,Gu
9836,버거킹 우동점,부산광역시,해운대구,우동,Busan,Haeundae,Gu
9338,롯데리아 센텀프라자 빌딩점,부산광역시,해운대구,우동,Busan,Haeundae,Gu
9283,롯데리아홈플러스해운대점,부산광역시,해운대구,우동,Busan,Haeundae,Gu
9295,버거킹센텀KNN점,부산광역시,해운대구,우동,Busan,Haeundae,Gu
7218,롯데리아 부산키자니아점,부산광역시,해운대구,우동,Busan,Haeundae,Gu
9292,롯데리아롯데센텀시티점,부산광역시,해운대구,우동,Busan,Haeundae,Gu
9259,롯데리아,부산광역시,해운대구,우동,Busan,Haeundae,Gu
9311,롯데리아해운대D-T점,부산광역시,해운대구,우동,Busan,Haeundae,Gu
8014,롯데리아 부산재송점,부산광역시,해운대구,재송동,Busan,Haeundae,Gu
8342,버거킹 부산센텀오일뱅크점,부산광역시,해운대구,재송동,Busan,Haeundae,Gu
4440,롯데리아부산해운대좌동점,부산광역시,해운대구,좌동,Busan,Haeundae,Gu
301,버거킹 해운대신도시1호점,부산광역시,해운대구,좌동,Busan,Haeundae,Gu
9336,한국맥도날드 유한회사 좌동점,부산광역시,해운대구,좌동,Busan,Haeundae,Gu
1850,롯데리아 해운대백병원점,부산광역시,해운대구,좌동,Busan,Haeundae,Gu
9310,롯데리아해운대세이브존점,부산광역시,해운대구,중동,Busan,Haeundae,Gu
5452,버거킹,부산광역시,해운대구,중동,Busan,Haeundae,Gu
9255,롯데리아 부산아쿠아리움점,부산광역시,해운대구,중동,Busan,Haeundae,Gu
9343,한국맥도날드 유한회사 달맞이점,부산광역시,해운대구,중동,Busan,Haeundae,Gu
10330,롯데리아 개포점,서울특별시,강남구,개포동,Seoul,Gangnam,Gu
10373,(주)태리학동 맥도날드,서울특별시,강남구,논현동,Seoul,Gangnam,Gu
10310,버거킹 차병원사거리점,서울특별시,강남구,논현동,Seoul,Gangnam,Gu
10229,한국맥도날드(유) 강남구청점,서울특별시,강남구,논현동,Seoul,Gangnam,Gu
10399,버거킹 강남구청점,서울특별시,강남구,논현동,Seoul,Gangnam,Gu
10424,버거킹 학동역점,서울특별시,강남구,논현동,Seoul,Gangnam,Gu
10327,롯데리아 학동역점,서울특별시,강남구,논현동,Seoul,Gangnam,Gu
10234,한국맥도날드 대치점,서울특별시,강남구,대치동,Seoul,Gangnam,Gu
10457,버거킹대치역점,서울특별시,강남구,대치동,Seoul,Gangnam,Gu
10439,한국맥도날드 한티역점,서울특별시,강남구,대치동,Seoul,Gangnam,Gu
1693,한국맥도날드(유) 강남삼성DT점,서울특별시,강남구,삼성동,Seoul,Gangnam,Gu
10244,한국맥도날드(주)삼성역점,서울특별시,강남구,삼성동,Seoul,Gangnam,Gu
10374,롯데리아 코엑스몰점,서울특별시,강남구,삼성동,Seoul,Gangnam,Gu
10354,롯데리아 세곡점,서울특별시,강남구,세곡동,Seoul,Gangnam,Gu
7340,롯데리아 수서역사점,서울특별시,강남구,수서동,Seoul,Gangnam,Gu
10300,버거킹수서점,서울특별시,강남구,수서동,Seoul,Gangnam,Gu
10337,한국맥도날드(유)신사역점,서울특별시,강남구,신사동,Seoul,Gangnam,Gu
10401,한국맥도날드(유) 압구정CGV점,서울특별시,강남구,신사동,Seoul,Gangnam,Gu
10438,한국맥도날드(유) 선릉점,서울특별시,강남구,역삼동,Seoul,Gangnam,Gu
10225,롯데리아선릉점,서울특별시,강남구,역삼동,Seoul,Gangnam,Gu
10314,아이플 리테일 버거킹,서울특별시,강남구,역삼동,Seoul,Gangnam,Gu
10242,한국맥도날드(유) 역삼점,서울특별시,강남구,역삼동,Seoul,Gangnam,Gu
10235,한국맥도날드강남점,서울특별시,강남구,역삼동,Seoul,Gangnam,Gu
10413,버거킹강남대로점,서울특별시,강남구,역삼동,Seoul,Gangnam,Gu
10329,한국맥도날드(유) 강남2호점,서울특별시,강남구,역삼동,Seoul,Gangnam,Gu
10254,버거킹 강남진솔점,서울특별시,강남구,역삼동,Seoul,Gangnam,Gu
10226,롯데리아 강남우성사거리점,서울특별시,강남구,역삼동,Seoul,Gangnam,Gu
10335,주성에프엔디(버거킹주성청담점),서울특별시,강남구,청담동,Seoul,Gangnam,Gu
10255,한국맥도날드청담점,서울특별시,강남구,청담동,Seoul,Gangnam,Gu
1956,롯데리아(강일점),서울특별시,강동구,강일동,Seoul,Gangdong,Gu
2014,(주)신맥한국맥도날드SK길동점,서울특별시,강동구,길동,Seoul,Gangdong,Gu
2712,버거킹 길동사거리점,서울특별시,강동구,길동,Seoul,Gangdong,Gu
6320,한국맥도날드(유)서울둔촌DT점,서울특별시,강동구,둔촌동,Seoul,Gangdong,Gu
1970,버거킹 명일SK점,서울특별시,강동구,명일동,Seoul,Gangdong,Gu
2016,롯데리아 명일D/T점,서울특별시,강동구,명일동,Seoul,Gangdong,Gu
2019,롯데리아 고덕역점,서울특별시,강동구,명일동,Seoul,Gangdong,Gu
1974,롯데리아 상일동,서울특별시,강동구,상일동,Seoul,Gangdong,Gu
1964,맥도날드 상일점,서울특별시,강동구,상일동,Seoul,Gangdong,Gu
2012,롯데리아 길동점,서울특별시,강동구,성내동,Seoul,Gangdong,Gu
1972,롯데리아 강동구청 D/T,서울특별시,강동구,성내동,Seoul,Gangdong,Gu
1961,롯데리아 둔촌점,서울특별시,강동구,성내동,Seoul,Gangdong,Gu
2017,한국맥도날드강동구청점,서울특별시,강동구,성내동,Seoul,Gangdong,Gu
1962,버거킹 천호역점,서울특별시,강동구,성내동,Seoul,Gangdong,Gu
1958,롯데리아암사역점,서울특별시,강동구,암사동,Seoul,Gangdong,Gu
1971,한국맥도날드(유) 암사역점,서울특별시,강동구,암사동,Seoul,Gangdong,Gu
6321,맥도날드 굽은다리역 DT,서울특별시,강동구,천호동,Seoul,Gangdong,Gu
1942,홈플러스강동점롯데리아,서울특별시,강동구,천호동,Seoul,Gangdong,Gu
1955,롯데리아 천호역점,서울특별시,강동구,천호동,Seoul,Gangdong,Gu
1950,한국맥도날드천호이마트점,서울특별시,강동구,천호동,Seoul,Gangdong,Gu
3481,롯데마트 삼양점 롯데리아,서울특별시,강북구,미아동,Seoul,Gangbuk,Gu
3474,맥도날드 미아역점,서울특별시,강북구,미아동,Seoul,Gangbuk,Gu
169,한국맥도날드(유) 미아DT점,서울특별시,강북구,미아동,Seoul,Gangbuk,Gu
2646,롯데리아 삼양사거리점,서울특별시,강북구,미아동,Seoul,Gangbuk,Gu
3462,한국맥도날드미아점,서울특별시,강북구,미아동,Seoul,Gangbuk,Gu
3526,맥도날드 번동 DT,서울특별시,강북구,번동,Seoul,Gangbuk,Gu
3479,롯데리아 번동 D/T 점,서울특별시,강북구,번동,Seoul,Gangbuk,Gu
3461,한국맥도날드수유점,서울특별시,강북구,번동,Seoul,Gangbuk,Gu
3496,롯데리아 덕성여대,서울특별시,강북구,수유동,Seoul,Gangbuk,Gu
3467,롯데리아 수유시장점,서울특별시,강북구,수유동,Seoul,Gangbuk,Gu
1575,버거킹 가양이마트점,서울특별시,강서구,가양동,Seoul,Gangseo,Gu
1514,롯데리아 신김포공항점,서울특별시,강서구,공항동,Seoul,Gangseo,Gu
1487,한국맥도날드송정역점,서울특별시,강서구,공항동,Seoul,Gangseo,Gu
1574,버거킹 우장산점,서울특별시,강서구,내발산동,Seoul,Gangseo,Gu
1523,롯데리아(우장산역점),서울특별시,강서구,내발산동,Seoul,Gangseo,Gu
1572,한국맥도날드(유)등촌DT점,서울특별시,강서구,등촌동,Seoul,Gangseo,Gu
1505,롯데리아 홈플러스강서점,서울특별시,강서구,등촌동,Seoul,Gangseo,Gu
1534,롯데리아 발산역점,서울특별시,강서구,등촌동,Seoul,Gangseo,Gu
1542,롯데리아NC강서점,서울특별시,강서구,등촌동,Seoul,Gangseo,Gu
1549,롯데리아아름다운아울렛점,서울특별시,강서구,등촌동,Seoul,Gangseo,Gu
4183,롯데리아 신방화역점,서울특별시,강서구,마곡동,Seoul,Gangseo,Gu
9804,롯데리아 마곡나루역점,서울특별시,강서구,마곡동,Seoul,Gangseo,Gu
1545,롯데리아 방화점,서울특별시,강서구,방화동,Seoul,Gangseo,Gu
1585,롯데리아 롯데몰 김포공항점,서울특별시,강서구,방화동,Seoul,Gangseo,Gu
1509,롯데리아염창점,서울특별시,강서구,염창동,Seoul,Gangseo,Gu
1564,맥도날드 염창디티점,서울특별시,강서구,염창동,Seoul,Gangseo,Gu
7947,맥도날드 우장산DT,서울특별시,강서구,화곡동,Seoul,Gangseo,Gu
1557,롯데리아 화곡역점,서울특별시,강서구,화곡동,Seoul,Gangseo,Gu
1580,버거킹 까치산역점,서울특별시,강서구,화곡동,Seoul,Gangseo,Gu
1511,롯데리아까치산점,서울특별시,강서구,화곡동,Seoul,Gangseo,Gu
1521,롯데리아화곡시장점,서울특별시,강서구,화곡동,Seoul,Gangseo,Gu
7151,맥도날드(사당역점),서울특별시,관악구,남현동,Seoul,Gwanak,Gu
385,롯데리아남현점,서울특별시,관악구,남현동,Seoul,Gwanak,Gu
9785,버거킹 낙성대2점,서울특별시,관악구,봉천동,Seoul,Gwanak,Gu
370,버거킹 낙성대역점,서울특별시,관악구,봉천동,Seoul,Gwanak,Gu
387,롯데리아 낙성대역점,서울특별시,관악구,봉천동,Seoul,Gwanak,Gu
366,버거킹 관악롯데점,서울특별시,관악구,봉천동,Seoul,Gwanak,Gu
427,한국맥도날드 서울대역점,서울특별시,관악구,봉천동,Seoul,Gwanak,Gu
7834,롯데리아 서울대입구역점,서울특별시,관악구,봉천동,Seoul,Gwanak,Gu
388,롯데리아 봉천역점,서울특별시,관악구,봉천동,Seoul,Gwanak,Gu
430,롯데리아 신림역점,서울특별시,관악구,신림동,Seoul,Gwanak,Gu
432,한국맥도날드 신림점,서울특별시,관악구,신림동,Seoul,Gwanak,Gu
382,버거킹 신림점,서울특별시,관악구,신림동,Seoul,Gwanak,Gu
424,롯데리아(녹두점),서울특별시,관악구,신림동,Seoul,Gwanak,Gu
428,롯데리아,서울특별시,관악구,신림동,Seoul,Gwanak,Gu
402,버거킹 신림역점,서울특별시,관악구,신림동,Seoul,Gwanak,Gu
393,(주)롯데리아 서울대점,서울특별시,관악구,신림동,Seoul,Gwanak,Gu
6241,버거킹광장점,서울특별시,광진구,광장동,Seoul,Gwangjin,Gu
6198,롯데리아아차산역점,서울특별시,광진구,구의동,Seoul,Gwangjin,Gu
6193,롯데리아(강변씨네마점),서울특별시,광진구,구의동,Seoul,Gwangjin,Gu
6266,롯데리아강변테크노점,서울특별시,광진구,구의동,Seoul,Gwangjin,Gu
6247,롯데리아롯데마트강변점,서울특별시,광진구,구의동,Seoul,Gwangjin,Gu
6242,롯데리아군자점,서울특별시,광진구,군자동,Seoul,Gwangjin,Gu
6195,한국맥도날드 구의역점,서울특별시,광진구,자양동,Seoul,Gwangjin,Gu
6258,버거킹건대역점,서울특별시,광진구,자양동,Seoul,Gwangjin,Gu
6256,롯데리아 건대스타시티점,서울특별시,광진구,자양동,Seoul,Gwangjin,Gu
6251,맥도날드 어린이대공원점,서울특별시,광진구,화양동,Seoul,Gwangjin,Gu
6237,버거킹건대화양점,서울특별시,광진구,화양동,Seoul,Gwangjin,Gu
9523,롯데리아,서울특별시,구로구,개봉동,Seoul,Guro,Gu
9542,롯데리아 개봉점,서울특별시,구로구,고척동,Seoul,Guro,Gu
4353,맥도날드 고척DT점,서울특별시,구로구,고척동,Seoul,Guro,Gu
9529,버거킹 구로점,서울특별시,구로구,구로동,Seoul,Guro,Gu
9499,롯데리아 구로시장점,서울특별시,구로구,구로동,Seoul,Guro,Gu
9520,한국맥도날드 구로디지털점,서울특별시,구로구,구로동,Seoul,Guro,Gu
9540,롯데리아 구로IT점,서울특별시,구로구,구로동,Seoul,Guro,Gu
9545,버거킹 구로디지털점,서울특별시,구로구,구로동,Seoul,Guro,Gu
9490,한국맥도날드 구로애경점,서울특별시,구로구,구로동,Seoul,Guro,Gu
9492,롯데마트 구로점 롯데리아,서울특별시,구로구,구로동,Seoul,Guro,Gu
296,버거킹 구로구청점,서울특별시,구로구,구로동,Seoul,Guro,Gu
9518,롯데리아신도림역점,서울특별시,구로구,신도림동,Seoul,Guro,Gu
9547,맥도날드 신도림디큐브점,서울특별시,구로구,신도림동,Seoul,Guro,Gu
9157,롯데리아(천왕역점),서울특별시,구로구,오류동,Seoul,Guro,Gu
9519,롯데리아 오류동역점,서울특별시,구로구,오류동,Seoul,Guro,Gu
196,버거킹 가산디지털점,서울특별시,금천구,가산동,Seoul,Geumcheon,Gu
192,맥도날드 가산비지니스센터점,서울특별시,금천구,가산동,Seoul,Geumcheon,Gu
190,한국맥도날드 가산디지털점,서울특별시,금천구,가산동,Seoul,Geumcheon,Gu
200,한국맥도날드(유) 마리오아울렛점,서울특별시,금천구,가산동,Seoul,Geumcheon,Gu
216,롯데리아구로가산점,서울특별시,금천구,가산동,Seoul,Geumcheon,Gu
8366,버거킹 가산이앤씨7점,서울특별시,금천구,가산동,Seoul,Geumcheon,Gu
188,버거킹 가산현대아울렛점,서울특별시,금천구,가산동,Seoul,Geumcheon,Gu
214,롯데리아,서울특별시,금천구,독산동,Seoul,Geumcheon,Gu
6192,한국맥도날드(유) 서울시흥DT점,서울특별시,금천구,시흥동,Seoul,Geumcheon,Gu
221,(주)창욱 롯데리아 시흥중앙점,서울특별시,금천구,시흥동,Seoul,Geumcheon,Gu
219,홈플러스시흥점 롯데리아,서울특별시,금천구,시흥동,Seoul,Geumcheon,Gu
9769,버거킹공릉역점,서울특별시,노원구,공릉동,Seoul,Nowon,Gu
9027,롯데리아,서울특별시,노원구,공릉동,Seoul,Nowon,Gu
9065,맥도날드,서울특별시,노원구,공릉동,Seoul,Nowon,Gu
9045,한국맥도날드(유)상계DT점,서울특별시,노원구,상계동,Seoul,Nowon,Gu
9038,롯데리아 수락산역점,서울특별시,노원구,상계동,Seoul,Nowon,Gu
9048,롯데리아 노원역점,서울특별시,노원구,상계동,Seoul,Nowon,Gu
9046,롯데리아마들역점,서울특별시,노원구,상계동,Seoul,Nowon,Gu
9008,롯데리아G/S마트상계점,서울특별시,노원구,상계동,Seoul,Nowon,Gu
9023,롯데리아롯데노원점,서울특별시,노원구,상계동,Seoul,Nowon,Gu
9006,맥도날드중계역점,서울특별시,노원구,상계동,Seoul,Nowon,Gu
9003,롯데리아석계점,서울특별시,노원구,월계동,Seoul,Nowon,Gu
9013,한국맥도날드중계점,서울특별시,노원구,중계동,Seoul,Nowon,Gu
8995,롯데리아홈플러스중계점,서울특별시,노원구,중계동,Seoul,Nowon,Gu
9000,롯데리아롯데마트중계점,서울특별시,노원구,중계동,Seoul,Nowon,Gu
9012,한국맥도날드노원한신점,서울특별시,노원구,하계동,Seoul,Nowon,Gu
3432,맥도날드방학역DT점,서울특별시,도봉구,도봉동,Seoul,Dobong,Gu
3445,롯데리아방학점,서울특별시,도봉구,방학동,Seoul,Dobong,Gu
3437,롯데리아 홈플러스 방학점,서울특별시,도봉구,방학동,Seoul,Dobong,Gu
3449,롯데리아 빅마켓도봉점,서울특별시,도봉구,방학동,Seoul,Dobong,Gu
3455,버거킹쌍문SK점,서울특별시,도봉구,쌍문동,Seoul,Dobong,Gu
3440,버거킹쌍문점,서울특별시,도봉구,쌍문동,Seoul,Dobong,Gu
3460,맥도날드쌍문DT,서울특별시,도봉구,쌍문동,Seoul,Dobong,Gu
3439,롯데리아(쌍문역점),서울특별시,도봉구,창동,Seoul,Dobong,Gu
3452,롯데리아창동역점,서울특별시,도봉구,창동,Seoul,Dobong,Gu
5407,롯데리아제기역점,서울특별시,동대문구,용두동,Seoul,Dongdaemun,Gu
4220,롯데리아홈플러스동대문점,서울특별시,동대문구,용두동,Seoul,Dongdaemun,Gu
5105,롯데리아 외대역점,서울특별시,동대문구,이문동,Seoul,Dongdaemun,Gu
9880,버거킹장안SK점,서울특별시,동대문구,장안동,Seoul,Dongdaemun,Gu
4218,롯데리아장안사거리점,서울특별시,동대문구,장안동,Seoul,Dongdaemun,Gu
4257,맥도날드 장안사거리점,서울특별시,동대문구,장안동,Seoul,Dongdaemun,Gu
7344,(주)롯데리아,서울특별시,동대문구,장안동,Seoul,Dongdaemun,Gu
4227,(유)한국맥도날드 전농점,서울특별시,동대문구,전농동,Seoul,Dongdaemun,Gu
4249,롯데리아 청량리역사점,서울특별시,동대문구,전농동,Seoul,Dongdaemun,Gu
4239,롯데리아청량리점,서울특별시,동대문구,청량리동,Seoul,Dongdaemun,Gu
4252,한국맥도날드(유) 청량리점,서울특별시,동대문구,청량리동,Seoul,Dongdaemun,Gu
4260,한국맥도날드(유) 경희대점,서울특별시,동대문구,회기동,Seoul,Dongdaemun,Gu
4224,버거킹 회기점,서울특별시,동대문구,회기동,Seoul,Dongdaemun,Gu
7309,한국맥도날드 노량진점,서울특별시,동작구,노량진동,Seoul,Dongjak,Gu
7308,롯데리아 노량진점,서울특별시,동작구,노량진동,Seoul,Dongjak,Gu
7279,버거킹 사당역점,서울특별시,동작구,사당동,Seoul,Dongjak,Gu
7289,맥도날드 이수점,서울특별시,동작구,사당동,Seoul,Dongjak,Gu
9567,롯데리아남성역점,서울특별시,동작구,사당동,Seoul,Dongjak,Gu
7297,롯데리아 이수역점,서울특별시,동작구,사당동,Seoul,Dongjak,Gu
7281,롯데리아 성대시장점,서울특별시,동작구,상도동,Seoul,Dongjak,Gu
7280,롯데리아 숭실대역점,서울특별시,동작구,상도동,Seoul,Dongjak,Gu
7285,한국맥도날드(유) 숭실대점,서울특별시,동작구,상도동,Seoul,Dongjak,Gu
7293,맥도날드 중앙대점,서울특별시,동작구,흑석동,Seoul,Dongjak,Gu
375,버거킹공덕역점,서울특별시,마포구,공덕동,Seoul,Mapo,Gu
5180,한국맥도날드(유) 애오개점,서울특별시,마포구,공덕동,Seoul,Mapo,Gu
5210,롯데리아 신촌로터리점,서울특별시,마포구,노고산동,Seoul,Mapo,Gu
5162,롯데리아 대흥역점,서울특별시,마포구,대흥동,Seoul,Mapo,Gu
5197,한국맥도날드(유)홍익대점,서울특별시,마포구,동교동,Seoul,Mapo,Gu
9782,한국맥도날드(유)망원점,서울특별시,마포구,망원동,Seoul,Mapo,Gu
5166,롯데리아 망원,서울특별시,마포구,망원동,Seoul,Mapo,Gu
5153,롯데리아상암점,서울특별시,마포구,상암동,Seoul,Mapo,Gu
4460,한국맥도날드(유)서울상암DMC점,서울특별시,마포구,상암동,Seoul,Mapo,Gu
5167,버거킹 상암MBC점,서울특별시,마포구,상암동,Seoul,Mapo,Gu
5229,롯데리아홍대점,서울특별시,마포구,서교동,Seoul,Mapo,Gu
5163,한국맥도날드(유) 합정메세나폴리스점,서울특별시,마포구,서교동,Seoul,Mapo,Gu
5155,롯데리아 합정점,서울특별시,마포구,서교동,Seoul,Mapo,Gu
9361,롯데리아,서울특별시,서대문구,남가좌동,Seoul,Seodaemun,Gu
9394,맥도날드 명지대,서울특별시,서대문구,남가좌동,Seoul,Seodaemun,Gu
2879,롯데리아 신촌기차역점,서울특별시,서대문구,대현동,Seoul,Seodaemun,Gu
4444,버거킹 가재울뉴타운점,서울특별시,서대문구,북가좌동,Seoul,Seodaemun,Gu
9352,롯데리아 아현점,서울특별시,서대문구,북아현동,Seoul,Seodaemun,Gu
7907,한국맥도날드유한회사 신촌점,서울특별시,서대문구,창천동,Seoul,Seodaemun,Gu
9363,버거킹신촌점,서울특별시,서대문구,창천동,Seoul,Seodaemun,Gu
9393,한국맥도날드(유)연세대점,서울특별시,서대문구,창천동,Seoul,Seodaemun,Gu
9381,버거킹연세로점,서울특별시,서대문구,창천동,Seoul,Seodaemun,Gu
3657,한국맥도날드(유) 홍제역점,서울특별시,서대문구,홍제동,Seoul,Seodaemun,Gu
9386,롯데리아 홍제역점,서울특별시,서대문구,홍제동,Seoul,Seodaemun,Gu
8190,버거킹 홍제역점,서울특별시,서대문구,홍제동,Seoul,Seodaemun,Gu
4142,롯데리아터미널분점,서울특별시,서초구,반포동,Seoul,Seocho,Gu
3388,버거킹 반포고속터미널점,서울특별시,서초구,반포동,Seoul,Seocho,Gu
4066,버거킹 강남교보점,서울특별시,서초구,반포동,Seoul,Seocho,Gu
4117,롯데리아 사당점,서울특별시,서초구,방배동,Seoul,Seocho,Gu
4157,버거킹 방배카페거리점,서울특별시,서초구,방배동,Seoul,Seocho,Gu
4054,버거킹 방배점,서울특별시,서초구,방배동,Seoul,Seocho,Gu
4051,한국맥도날드 방배점,서울특별시,서초구,방배동,Seoul,Seocho,Gu
4129,롯데리아 강남역점,서울특별시,서초구,서초동,Seoul,Seocho,Gu
4106,한국맥도날드 서초뱅뱅점,서울특별시,서초구,서초동,Seoul,Seocho,Gu
4087,버거킹남부터미널점,서울특별시,서초구,서초동,Seoul,Seocho,Gu
4128,맥도날드 서초GS점,서울특별시,서초구,서초동,Seoul,Seocho,Gu
4057,롯데리아 남부터미널점,서울특별시,서초구,서초동,Seoul,Seocho,Gu
4150,맥도날드 서울교대점,서울특별시,서초구,서초동,Seoul,Seocho,Gu
281,버거킹 교대점,서울특별시,서초구,서초동,Seoul,Seocho,Gu
4048,버거킹 양재점,서울특별시,서초구,양재동,Seoul,Seocho,Gu
4052,한국맥도날드 양재점,서울특별시,서초구,양재동,Seoul,Seocho,Gu
8050,롯데리아 양재동점,서울특별시,서초구,양재동,Seoul,Seocho,Gu
4137,한국맥도날드(유) 양재SKDT점,서울특별시,서초구,양재동,Seoul,Seocho,Gu
9760,버거킹 강남NC점,서울특별시,서초구,잠원동,Seoul,Seocho,Gu
4084,버거킹 강남NC점,서울특별시,서초구,잠원동,Seoul,Seocho,Gu
2705,롯데리아(금호점),서울특별시,성동구,금호동3가,Seoul,Seongdong,Gu
86,롯데리아성수역점,서울특별시,성동구,성수동2가,Seoul,Seongdong,Gu
53,한국맥도날드(성수이마트점),서울특별시,성동구,성수동2가,Seoul,Seongdong,Gu
70,롯데리아 답십리점,서울특별시,성동구,용답동,Seoul,Seongdong,Gu
63,롯데리아왕십리역사,서울특별시,성동구,행당동,Seoul,Seongdong,Gu
43,한국맥도날드왕십리점,서울특별시,성동구,행당동,Seoul,Seongdong,Gu
44,한국맥도날드한양대점,서울특별시,성동구,행당동,Seoul,Seongdong,Gu
82,롯데리아(롯데마트 행당역점),서울특별시,성동구,행당동,Seoul,Seongdong,Gu
10098,롯데리아 길음뉴타운점,서울특별시,성북구,길음동,Seoul,Seongbuk,Gu
10138,버거킹 미아현대점,서울특별시,성북구,길음동,Seoul,Seongbuk,Gu
10101,롯데리아 미아삼거리점,서울특별시,성북구,길음동,Seoul,Seongbuk,Gu
6313,한국맥도날드(유) 성신여대점,서울특별시,성북구,동선동1가,Seoul,Seongbuk,Gu
10111,롯데리아 성신여대점,서울특별시,성북구,동선동4가,Seoul,Seongbuk,Gu
10133,한국맥도날드삼선점,서울특별시,성북구,동소문동1가,Seoul,Seongbuk,Gu
10112,롯데리아 보문역점,서울특별시,성북구,보문동5가,Seoul,Seongbuk,Gu
10129,롯데리아 석관점,서울특별시,성북구,석관동,Seoul,Seongbuk,Gu
2793,버거킹 석관점,서울특별시,성북구,석관동,Seoul,Seongbuk,Gu
10132,한국맥도날드안암점,서울특별시,성북구,안암동5가,Seoul,Seongbuk,Gu
405,버거킹 안암오거리점,서울특별시,성북구,안암동5가,Seoul,Seongbuk,Gu
7123,버거킹고대중앙광장점,서울특별시,성북구,안암동5가,Seoul,Seongbuk,Gu
10150,롯데리아 정릉점,서울특별시,성북구,정릉동,Seoul,Seongbuk,Gu
10128,한국맥도날드종암SK점,서울특별시,성북구,종암동,Seoul,Seongbuk,Gu
10151,롯데리아 종암점,서울특별시,성북구,종암동,Seoul,Seongbuk,Gu
10096,롯데리아 월곡점,서울특별시,성북구,하월곡동,Seoul,Seongbuk,Gu
1772,맥도날드 가락DT,서울특별시,송파구,가락동,Seoul,Songpa,Gu
1765,롯데리아 마천점,서울특별시,송파구,마천동,Seoul,Songpa,Gu
1838,버거킹 문정점,서울특별시,송파구,문정동,Seoul,Songpa,Gu
1818,롯데리아 롯데마트 송파점,서울특별시,송파구,문정동,Seoul,Songpa,Gu
1836,롯데리아 문정로데오점,서울특별시,송파구,문정동,Seoul,Songpa,Gu
9726,롯데리아 송파하비오점,서울특별시,송파구,문정동,Seoul,Songpa,Gu
1833,롯데리아 방이역점,서울특별시,송파구,방이동,Seoul,Songpa,Gu
1827,버거킹 몽촌토성점,서울특별시,송파구,방이동,Seoul,Songpa,Gu
1744,롯데리아올림픽공원점,서울특별시,송파구,방이동,Seoul,Songpa,Gu
1760,버거킹 올림픽상가점,서울특별시,송파구,방이동,Seoul,Songpa,Gu
1811,롯데리아송파삼전점,서울특별시,송파구,삼전동,Seoul,Songpa,Gu
1812,롯데리아 송파점,서울특별시,송파구,송파동,Seoul,Songpa,Gu
1796,버거킹 석촌점,서울특별시,송파구,송파동,Seoul,Songpa,Gu
1835,한국맥도날드(유) 석촌역점,서울특별시,송파구,송파동,Seoul,Songpa,Gu
1839,롯데리아 HP 잠실점,서울특별시,송파구,신천동,Seoul,Songpa,Gu
1828,롯데리아 오금동사거리점,서울특별시,송파구,오금동,Seoul,Songpa,Gu
1825,한국맥도날드신천점,서울특별시,송파구,잠실동,Seoul,Songpa,Gu
1834,롯데리아 신천점,서울특별시,송파구,잠실동,Seoul,Songpa,Gu
1845,한국맥도날드(유) 송파 잠실DT점,서울특별시,송파구,잠실동,Seoul,Songpa,Gu
1792,롯데리아키자니아점,서울특별시,송파구,잠실동,Seoul,Songpa,Gu
1764,(유)유기개발 월드프라자점(롯데리아),서울특별시,송파구,잠실동,Seoul,Songpa,Gu
1776,롯데리아 월드점,서울특별시,송파구,잠실동,Seoul,Songpa,Gu
1830,롯데리아 롯데백잠실광장점,서울특별시,송파구,잠실동,Seoul,Songpa,Gu
4307,롯데리아 목동사거리점,서울특별시,양천구,목동,Seoul,Yangcheon,Gu
4300,맥도날드파리공원점,서울특별시,양천구,목동,Seoul,Yangcheon,Gu
4298,버거킹 목동현대점,서울특별시,양천구,목동,Seoul,Yangcheon,Gu
4301,롯데리아홈플러스목동점,서울특별시,양천구,목동,Seoul,Yangcheon,Gu
4312,버거킹 목동이마트점,서울특별시,양천구,목동,Seoul,Yangcheon,Gu
4330,한국맥도날드(유)신월디티점,서울특별시,양천구,신월동,Seoul,Yangcheon,Gu
4328,맥도날드신월SK DT점,서울특별시,양천구,신월동,Seoul,Yangcheon,Gu
4314,롯데리아신곡시장점,서울특별시,양천구,신월동,Seoul,Yangcheon,Gu
4296,롯데리아 신정네거리점,서울특별시,양천구,신정동,Seoul,Yangcheon,Gu
4335,롯데리아목동점,서울특별시,양천구,신정동,Seoul,Yangcheon,Gu
4306,한국맥도날드양천구청점,서울특별시,양천구,신정동,Seoul,Yangcheon,Gu
4331,버거킹 목동역점,서울특별시,양천구,신정동,Seoul,Yangcheon,Gu
6308,한국맥도날드(유)당산역점,서울특별시,영등포구,당산동6가,Seoul,Yeongdeungpo,Gu
6518,버거킹당산역점,서울특별시,영등포구,당산동6가,Seoul,Yeongdeungpo,Gu
6445,롯데리아대림역점,서울특별시,영등포구,대림동,Seoul,Yeongdeungpo,Gu
6500,롯데리아대방역점,서울특별시,영등포구,신길동,Seoul,Yeongdeungpo,Gu
6454,롯데리아신길점,서울특별시,영등포구,신길동,Seoul,Yeongdeungpo,Gu
9427,한국맥도날드(유)보라매점,서울특별시,영등포구,신길동,Seoul,Yeongdeungpo,Gu
1910,롯데리아롯데마트서울양평점,서울특별시,영등포구,양평동3가,Seoul,Yeongdeungpo,Gu
6524,양평sk맥도날드,서울특별시,영등포구,양평동3가,Seoul,Yeongdeungpo,Gu
6523,버거킹서여의도점,서울특별시,영등포구,여의도동,Seoul,Yeongdeungpo,Gu
6491,한국맥도날드(유)여의도점,서울특별시,영등포구,여의도동,Seoul,Yeongdeungpo,Gu
6452,버거킹여의도점,서울특별시,영등포구,여의도동,Seoul,Yeongdeungpo,Gu
4506,롯데리아동여의도점,서울특별시,영등포구,여의도동,Seoul,Yeongdeungpo,Gu
6503,버거킹 동여의도점,서울특별시,영등포구,여의도동,Seoul,Yeongdeungpo,Gu
9549,롯데리아여의도선착장점,서울특별시,영등포구,여의도동,Seoul,Yeongdeungpo,Gu
6495,롯데리아 여의도선착장점,서울특별시,영등포구,여의도동,Seoul,Yeongdeungpo,Gu
9596,롯데리아영등포롯데점,서울특별시,영등포구,영등포동,Seoul,Yeongdeungpo,Gu
9597,롯데리아영등포역사점,서울특별시,영등포구,영등포동,Seoul,Yeongdeungpo,Gu
6462,맥도날드영등포점,서울특별시,영등포구,영등포동3가,Seoul,Yeongdeungpo,Gu
6479,롯데리아영등포타임스퀘어B2점,서울특별시,영등포구,영등포동4가,Seoul,Yeongdeungpo,Gu
4459,버거킹영등포KT점,서울특별시,영등포구,영등포동8가,Seoul,Yeongdeungpo,Gu
6453,롯데리아VIC마켓영등포점,서울특별시,영등포구,영등포동8가,Seoul,Yeongdeungpo,Gu
6159,롯데리아 숙대입구역점,서울특별시,용산구,갈월동,Seoul,Yongsan,Gu
6150,롯데리아 서울역광장점,서울특별시,용산구,동자동,Seoul,Yongsan,Gu
6149,롯데리아 서울역사점,서울특별시,용산구,동자동,Seoul,Yongsan,Gu
6142,한국맥도날드서울역점,서울특별시,용산구,동자동,Seoul,Yongsan,Gu
6175,버거킹서울역점,서울특별시,용산구,동자동,Seoul,Yongsan,Gu
6172,롯데리아 보광점,서울특별시,용산구,보광동,Seoul,Yongsan,Gu
1478,롯데리아만리점,서울특별시,용산구,서계동,Seoul,Yongsan,Gu
6148,롯데리아 용산역사점,서울특별시,용산구,한강로3가,Seoul,Yongsan,Gu
6156,롯데리아 용산역SC점,서울특별시,용산구,한강로3가,Seoul,Yongsan,Gu
6174,버거킹용산이마트점,서울특별시,용산구,한강로3가,Seoul,Yongsan,Gu
6169,롯데리아 후암점,서울특별시,용산구,후암동,Seoul,Yongsan,Gu
102,롯데리아(연신내역점),서울특별시,은평구,갈현동,Seoul,Eunpyeong,Gu
130,한국맥도날드구산점,서울특별시,은평구,구산동,Seoul,Eunpyeong,Gu
98,롯데리아불광점,서울특별시,은평구,대조동,Seoul,Eunpyeong,Gu
4379,버거킹 연신내역점,서울특별시,은평구,불광동,Seoul,Eunpyeong,Gu
111,롯데리아(구산역점),서울특별시,은평구,역촌동,Seoul,Eunpyeong,Gu
104,롯데리아응암사거리점,서울특별시,은평구,응암동,Seoul,Eunpyeong,Gu
99,(주)롯데리아 응암오거리점,서울특별시,은평구,응암동,Seoul,Eunpyeong,Gu
153,한국맥도날드 은평이마트점,서울특별시,은평구,응암동,Seoul,Eunpyeong,Gu
107,롯데리아 응암점,서울특별시,은평구,응암동,Seoul,Eunpyeong,Gu
2820,롯데리아 롯데몰 은평점,서울특별시,은평구,진관동,Seoul,Eunpyeong,Gu
2580,한국맥도날드 관훈점,서울특별시,종로구,관훈동,Seoul,Jongno,Gu
2581,한국맥도날드대학로점,서울특별시,종로구,동숭동,Seoul,Jongno,Gu
2593,한국맥도날드(유) 성균관대점,서울특별시,종로구,명륜2가,Seoul,Jongno,Gu
2584,롯데리아 광화문점,서울특별시,종로구,신문로1가,Seoul,Jongno,Gu
2605,한국맥도날드(유) 정동점,서울특별시,종로구,신문로2가,Seoul,Jongno,Gu
2601,맥도날드 안국역점,서울특별시,종로구,안국동,Seoul,Jongno,Gu
2595,버거킹 종로점,서울특별시,종로구,종로2가,Seoul,Jongno,Gu
2585,롯데리아 종각역점,서울특별시,종로구,종로2가,Seoul,Jongno,Gu
2597,맥도날드종로3가점,서울특별시,종로구,종로3가,Seoul,Jongno,Gu
6554,한국맥도날드(유)서울동묘역점,서울특별시,종로구,창신동,Seoul,Jongno,Gu
2571,롯데리아 동묘역점,서울특별시,종로구,창신동,Seoul,Jongno,Gu
2553,롯데리아,서울특별시,종로구,창신동,Seoul,Jongno,Gu
2583,롯데리아혜화점,서울특별시,종로구,혜화동,Seoul,Jongno,Gu
2034,버거킹 숭례문점,서울특별시,중구,남대문로5가,Seoul,Jung,Gu
1308,맥도날드(Mcdonald),서울특별시,중구,명동1가,Seoul,Jung,Gu
1344,버거킹 무교점,서울특별시,중구,무교동,Seoul,Jung,Gu
1285,롯데리아 롯데마트서울역사점,서울특별시,중구,봉래동2가,Seoul,Jung,Gu
1295,롯데리아 신당점,서울특별시,중구,신당동,Seoul,Jung,Gu
1332,롯데리아 청구점,서울특별시,중구,신당동,Seoul,Jung,Gu
1311,한국맥도날드서울시청점,서울특별시,중구,을지로1가,Seoul,Jung,Gu
1296,롯데리아 동대문역사문화공원역점,서울특별시,중구,을지로6가,Seoul,Jung,Gu
1337,롯데리아 디디피(DDP)점,서울특별시,중구,을지로7가,Seoul,Jung,Gu
1303,롯데리아,서울특별시,중구,초동,Seoul,Jung,Gu
1331,버거킹 시청역점,서울특별시,중구,태평로2가,Seoul,Jung,Gu
1294,버거킹 황학이마트점,서울특별시,중구,황학동,Seoul,Jung,Gu
1347,맥도날드 명동2호점,서울특별시,중구,회현동3가,Seoul,Jung,Gu
3574,버거킹 신당역점,서울특별시,중구,흥인동,Seoul,Jung,Gu
3422,롯데리아망우점,서울특별시,중랑구,망우동,Seoul,Jungnang,Gu
3390,한국맥도날드상봉이마트점,서울특별시,중랑구,망우동,Seoul,Jungnang,Gu
3405,롯데리아면목중앙점,서울특별시,중랑구,면목동,Seoul,Jungnang,Gu
3409,롯데리아사가정역점,서울특별시,중랑구,면목동,Seoul,Jungnang,Gu
3403,롯데리아먹골역점,서울특별시,중랑구,묵동,Seoul,Jungnang,Gu
3427,롯데리아(상봉역점),서울특별시,중랑구,상봉동,Seoul,Jungnang,Gu
3392,한국맥도날드중랑점,서울특별시,중랑구,상봉동,Seoul,Jungnang,Gu
3417,롯데리아중랑역점,서울특별시,중랑구,상봉동,Seoul,Jungnang,Gu
3394,롯데리아홈플러스신내점,서울특별시,중랑구,신내동,Seoul,Jungnang,Gu
3391,한국맥도날드신내점,서울특별시,중랑구,신내동,Seoul,Jungnang,Gu
3418,버거킹중랑역점,서울특별시,중랑구,중화동,Seoul,Jungnang,Gu
6531,롯데리아 중화역점,서울특별시,중랑구,중화동,Seoul,Jungnang,Gu
9866,한국맥도날드(유)중화점,서울특별시,중랑구,중화동,Seoul,Jungnang,Gu
6644,한국맥도날드(유)삼산로DT점,울산광역시,남구,달동,Ulsan,Nam,Gu
6654,한국맥도날드유한회사달동점,울산광역시,남구,달동,Ulsan,Nam,Gu
6622,맥도날드 울산SK점,울산광역시,남구,달동,Ulsan,Nam,Gu
6651,한국맥도날드 유한회사 울산옥현점,울산광역시,남구,무거동,Ulsan,Nam,Gu
4485,롯데리아울산대학점,울산광역시,남구,무거동,Ulsan,Nam,Gu
1645,버거킹울산무거점,울산광역시,남구,무거동,Ulsan,Nam,Gu
6661,롯데리아,울산광역시,남구,삼산동,Ulsan,Nam,Gu
6634,버거킹 삼산현대점,울산광역시,남구,삼산동,Ulsan,Nam,Gu
6631,한국맥도날드(유) 울산삼산DT점,울산광역시,남구,삼산동,Ulsan,Nam,Gu
6642,한국맥도날드(유) 울산옥동점,울산광역시,남구,신정동,Ulsan,Nam,Gu
6652,롯데리아홈플러스남구점,울산광역시,남구,야음동,Ulsan,Nam,Gu
2755,롯데리아울산옥동타워,울산광역시,남구,옥동,Ulsan,Nam,Gu
4610,롯데리아울산방어점,울산광역시,동구,방어동,Ulsan,Dong,Gu
4591,한국맥도날드 유한회사 동울산점,울산광역시,동구,서부동,Ulsan,Dong,Gu
4628,롯데리아 울산 남목,울산광역시,동구,서부동,Ulsan,Dong,Gu
4631,롯데리아 홈플러스 울산동구점,울산광역시,동구,일산동,Ulsan,Dong,Gu
1437,한국맥도날드(유) 울산일산DT점,울산광역시,동구,일산동,Ulsan,Dong,Gu
4609,롯데리아 전하점,울산광역시,동구,전하동,Ulsan,Dong,Gu
4603,(주)수민롯데리아화정점,울산광역시,동구,화정동,Ulsan,Dong,Gu
499,롯데리아정자해변점,울산광역시,북구,산하동,Ulsan,Buk,Gu
5585,한국맥도날드울산호계SK점,울산광역시,북구,신천동,Ulsan,Buk,Gu
5579,롯데리아울산화봉점,울산광역시,북구,연암동,Ulsan,Buk,Gu
5572,롯데리아(롯데마트울산진장점),울산광역시,북구,진장동,Ulsan,Buk,Gu
6335,롯데리아울산명촌점,울산광역시,북구,진장동,Ulsan,Buk,Gu
5573,롯데리아호계점,울산광역시,북구,호계동,Ulsan,Buk,Gu
650,롯데리아울산구영점,울산광역시,울주군,범서읍,Ulsan,Ulju,Gun
639,맥도날드울산굴화DT점,울산광역시,울주군,범서읍,Ulsan,Ulju,Gun
636,롯데리아,울산광역시,울주군,범서읍,Ulsan,Ulju,Gun
630,롯데리아 울산범서점,울산광역시,울주군,범서읍,Ulsan,Ulju,Gun
632,롯데리아 메가마트언양점,울산광역시,울주군,삼남면,Ulsan,Ulju,Gun
595,롯데리아,울산광역시,울주군,삼남면,Ulsan,Ulju,Gun
633,롯데리아 울산 온양점,울산광역시,울주군,온양읍,Ulsan,Ulju,Gun
6328,롯데리아울산반구점,울산광역시,중구,남외동,Ulsan,Jung,Gu
6730,맥도날드울산병영점,울산광역시,중구,남외동,Ulsan,Jung,Gu
6726,리빙시엔시(주)롯데리아울산홈플러스점,울산광역시,중구,복산동,Ulsan,Jung,Gu
6718,롯데리아울산성남점,울산광역시,중구,성남동,Ulsan,Jung,Gu
6739,한국맥도날드유한회사울산성남점,울산광역시,중구,성남동,Ulsan,Jung,Gu
6728,롯데리아 울산성안점,울산광역시,중구,성안동,Ulsan,Jung,Gu
9647,롯데리아우정점,울산광역시,중구,우정동,Ulsan,Jung,Gu
7941,버거킹울산우정에스케이,울산광역시,중구,유곡동,Ulsan,Jung,Gu
6712,롯데리아(태화점),울산광역시,중구,태화동,Ulsan,Jung,Gu
989,롯데리아강화점,인천광역시,강화군,강화읍,Incheon,Ganghwa,Gun
3794,롯데리아롯데마트계양점,인천광역시,계양구,계산동,Incheon,Gyeyang,Gu
3769,롯데리아 홈플러스 계산점,인천광역시,계양구,계산동,Incheon,Gyeyang,Gu
3662,버거킹 인천계양구청점,인천광역시,계양구,계산동,Incheon,Gyeyang,Gu
3766,롯데리아,인천광역시,계양구,계산동,Incheon,Gyeyang,Gu
3767,롯데리아(계산점),인천광역시,계양구,계산동,Incheon,Gyeyang,Gu
3791,롯데리아 인천동양점,인천광역시,계양구,동양동,Incheon,Gyeyang,Gu
3764,롯데리아병방점,인천광역시,계양구,병방동,Incheon,Gyeyang,Gu
3798,(주)정하 롯데리아(홈플러스 작전점),인천광역시,계양구,작전동,Incheon,Gyeyang,Gu
3765,롯데리아인천작전점,인천광역시,계양구,효성동,Incheon,Gyeyang,Gu
8290,롯데리아인천터미널점,인천광역시,남구,관교동,Incheon,Nam,Gu
8271,롯데리아 주안 D/T,인천광역시,남구,도화동,Incheon,Nam,Gu
8267,맥도날드DT점,인천광역시,남구,문학동,Incheon,Nam,Gu
8309,버거킹 문학야구장점,인천광역시,남구,문학동,Incheon,Nam,Gu
8316,롯데리아 인천숭의점,인천광역시,남구,숭의동,Incheon,Nam,Gu
8292,롯데리아제물포점,인천광역시,남구,숭의동,Incheon,Nam,Gu
8288,롯데리아용현점,인천광역시,남구,용현동,Incheon,Nam,Gu
8282,롯데리아홈플러스인하점,인천광역시,남구,용현동,Incheon,Nam,Gu
8291,롯데리아신기점,인천광역시,남구,주안동,Incheon,Nam,Gu
9475,롯데리아 주안점,인천광역시,남구,주안동,Incheon,Nam,Gu
8294,롯데리아고려점,인천광역시,남구,주안동,Incheon,Nam,Gu
8314,롯데리아간석점,인천광역시,남구,주안동,Incheon,Nam,Gu
8253,롯데리아 석바위점,인천광역시,남구,주안동,Incheon,Nam,Gu
2672,롯데리아 학산점,인천광역시,남구,학익동,Incheon,Nam,Gu
8299,롯데리아학익점,인천광역시,남구,학익동,Incheon,Nam,Gu
5566,롯데리아 인천올리브점,인천광역시,남동구,간석동,Incheon,Namdong,Gu
5518,(주)화정 롯데리아 홈플러스 간석점,인천광역시,남동구,간석동,Incheon,Namdong,Gu
5517,맥도날드 인천구월디티점,인천광역시,남동구,구월동,Incheon,Namdong,Gu
5547,한국맥도날드(유)씨앤씨점,인천광역시,남동구,구월동,Incheon,Namdong,Gu
1416,맥도날드인천구월아시아드점,인천광역시,남동구,구월동,Incheon,Namdong,Gu
5562,롯데리아인천구월점,인천광역시,남동구,구월동,Incheon,Namdong,Gu
6309,버거킹인천구월점,인천광역시,남동구,구월동,Incheon,Namdong,Gu
5554,한국맥도날드(유)구월킴스클럽점,인천광역시,남동구,구월동,Incheon,Namdong,Gu
9420,롯데리아인천아시아드점,인천광역시,남동구,구월동,Incheon,Namdong,Gu
300,버거킹 인천구월아시아드SK점,인천광역시,남동구,구월동,Incheon,Namdong,Gu
5565,롯데리아 인천남동공단점,인천광역시,남동구,논현동,Incheon,Namdong,Gu
5544,롯데리아소래포구역점,인천광역시,남동구,논현동,Incheon,Namdong,Gu
5539,롯데리아인천한화지구점,인천광역시,남동구,논현동,Incheon,Namdong,Gu
7922,버거킹인천논현점,인천광역시,남동구,논현동,Incheon,Namdong,Gu
5558,롯데리아남동구청점,인천광역시,남동구,만수동,Incheon,Namdong,Gu
5549,롯데리아만수점,인천광역시,남동구,만수동,Incheon,Namdong,Gu
5537,맥도날드 만수DT점,인천광역시,남동구,만수동,Incheon,Namdong,Gu
5533,롯데리아인천서창점,인천광역시,남동구,서창동,Incheon,Namdong,Gu
4582,롯데리아,인천광역시,부평구,갈산동,Incheon,Bupyeong,Gu
4574,맥도날드인천구산DT점,인천광역시,부평구,구산동,Incheon,Bupyeong,Gu
4573,롯데리아인천부개역점,인천광역시,부평구,부개동,Incheon,Bupyeong,Gu
4555,롯데리아부개점,인천광역시,부평구,부개동,Incheon,Bupyeong,Gu
4585,롯데리아부평점,인천광역시,부평구,부평동,Incheon,Bupyeong,Gu
4549,한국맥도날드 부평중앙점,인천광역시,부평구,부평동,Incheon,Bupyeong,Gu
4551,롯데리아부평역점,인천광역시,부평구,부평동,Incheon,Bupyeong,Gu
4552,한국맥도날드 부평역점,인천광역시,부평구,부평동,Incheon,Bupyeong,Gu
4542,롯데리아롯데마트부평점(F/C),인천광역시,부평구,산곡동,Incheon,Bupyeong,Gu
4554,롯데리아백운점,인천광역시,부평구,산곡동,Incheon,Bupyeong,Gu
4586,맥도날드삼산DT점,인천광역시,부평구,삼산동,Incheon,Bupyeong,Gu
4579,버거킹삼산SK점,인천광역시,부평구,삼산동,Incheon,Bupyeong,Gu
4559,롯데리아,인천광역시,부평구,삼산동,Incheon,Bupyeong,Gu
4557,롯데리아 동암남부점,인천광역시,부평구,십정동,Incheon,Bupyeong,Gu
4543,롯데리아 청천점,인천광역시,부평구,청천동,Incheon,Bupyeong,Gu
3724,㈜롯데리아인천서구점,인천광역시,서구,가정동,Incheon,Seo,Gu
3736,롯데리아홈플러스가좌점,인천광역시,서구,가좌동,Incheon,Seo,Gu
3726,(주)롯데리아가좌점,인천광역시,서구,가좌동,Incheon,Seo,Gu
3734,롯데리아 검암점,인천광역시,서구,검암동,Incheon,Seo,Gu
3745,롯데리아 홈플러스인천청라점,인천광역시,서구,경서동,Incheon,Seo,Gu
3747,롯데리아 인천청라 호수공원점,인천광역시,서구,경서동,Incheon,Seo,Gu
3720,롯데리아,인천광역시,서구,당하동,Incheon,Seo,Gu
3721,롯데리아인천당하점,인천광역시,서구,마전동,Incheon,Seo,Gu
3732,롯데리아롯데마트인천검단점,인천광역시,서구,마전동,Incheon,Seo,Gu
3749,롯데리아 인천불로점,인천광역시,서구,불로동,Incheon,Seo,Gu
3715,롯데리아인천석남점,인천광역시,서구,석남동,Incheon,Seo,Gu
3723,롯데리아인천연희D/T점,인천광역시,서구,심곡동,Incheon,Seo,Gu
3728,한국맥도날드연희DT점,인천광역시,서구,심곡동,Incheon,Seo,Gu
3738,롯데리아인천청라점,인천광역시,서구,연희동,Incheon,Seo,Gu
2801,버거킹 인천청라점,인천광역시,서구,연희동,Incheon,Seo,Gu
3743,롯데리아 검단점,인천광역시,서구,왕길동,Incheon,Seo,Gu
6360,롯데리아 모다아울렛점,인천광역시,서구,원창동,Incheon,Seo,Gu
8179,한국맥도날드연수이마트점,인천광역시,연수구,동춘동,Incheon,Yeonsu,Gu
8216,한국맥도날드(유) 연수홈플러스점,인천광역시,연수구,동춘동,Incheon,Yeonsu,Gu
8199,롯데리아 인천동춘점,인천광역시,연수구,동춘동,Incheon,Yeonsu,Gu
8218,버거킹 송도SKDT점,인천광역시,연수구,송도동,Incheon,Yeonsu,Gu
6345,버거킹 송도현대아울렛,인천광역시,연수구,송도동,Incheon,Yeonsu,Gu
157,롯데리아 홈플러스 송도,인천광역시,연수구,송도동,Incheon,Yeonsu,Gu
8200,버거킹 센트럴파크점,인천광역시,연수구,송도동,Incheon,Yeonsu,Gu
8198,롯데리아 송도센트럴파크점,인천광역시,연수구,송도동,Incheon,Yeonsu,Gu
9826,롯데리아,인천광역시,연수구,송도동,Incheon,Yeonsu,Gu
8204,롯데리아 LM 송도점,인천광역시,연수구,송도동,Incheon,Yeonsu,Gu
8220,맥도날드(송도지점),인천광역시,연수구,송도동,Incheon,Yeonsu,Gu
8184,롯데리아 인천송도웰카운티점,인천광역시,연수구,송도동,Incheon,Yeonsu,Gu
6301,버거킹 인천연수점,인천광역시,연수구,연수동,Incheon,Yeonsu,Gu
8221,맥도날드GS연수점,인천광역시,연수구,연수동,Incheon,Yeonsu,Gu
8180,롯데리아 인천연수점,인천광역시,연수구,연수동,Incheon,Yeonsu,Gu
8224,맥도날드 옥련DT점,인천광역시,연수구,옥련동,Incheon,Yeonsu,Gu
339,롯데리아(백령점),인천광역시,옹진군,백령면,Incheon,ongjin,Gun
457,롯데리아인천월미마이랜드점,인천광역시,중구,북성동1가,Incheon,Jung,Gu
6356,(주)롯데리아 차이나타운점,인천광역시,중구,북성동2가,Incheon,Jung,Gu
451,롯데리아공항신도시점,인천광역시,중구,운서동,Incheon,Jung,Gu
1463,롯데리아 인천공항 A/S 동편점,인천광역시,중구,운서동,Incheon,Jung,Gu
7918,버거킹 인천공항교통센터점,인천광역시,중구,운서동,Incheon,Jung,Gu
2652,롯데리아 인천공항1층점,인천광역시,중구,운서동,Incheon,Jung,Gu
450,롯데리아 인천공항3층점,인천광역시,중구,운서동,Incheon,Jung,Gu
4488,버거킹인천공항점,인천광역시,중구,운서동,Incheon,Jung,Gu
3362,롯데리아 인천공항탑승동점,인천광역시,중구,운서동,Incheon,Jung,Gu
464,롯데리아인천허브DT점,인천광역시,중구,운서동,Incheon,Jung,Gu
3550,버거킹 영종하늘도시SK점,인천광역시,중구,중산동,Incheon,Jung,Gu
461,롯데리아 영종하늘도시점,인천광역시,중구,중산동,Incheon,Jung,Gu
88,롯데리아 롯데팩토리아울렛 인천점,인천광역시,중구,항동7가,Incheon,Jung,Gu
10030,롯데리아 강진점,전남,강진군,강진읍,Jeollanam-do,Gangjin,Gun
2291,롯데리아고흥,전남,고흥군,고흥읍,Jeollanam-do,Goheung,Gun
7353,버거킹 광양 LF스퀘어점,전남,광양시,광양읍,Jeollanam-do,Gwangyang,Si
7665,롯데리아광양읍점,전남,광양시,광양읍,Jeollanam-do,Gwangyang,Si
7670,롯데리아(마동점),전남,광양시,마동,Jeollanam-do,Gwangyang,Si
8143,버거킹광양중동점,전남,광양시,중동,Jeollanam-do,Gwangyang,Si
7641,롯데리아중동점,전남,광양시,중동,Jeollanam-do,Gwangyang,Si
7640,롯데리아홈플러스광양점,전남,광양시,중동,Jeollanam-do,Gwangyang,Si
835,롯데리아혁신점,전남,나주시,빛가람동,Jeollanam-do,Naju,Si
5102,버거킹,전남,나주시,빛가람동,Jeollanam-do,Naju,Si
8667,롯데리아 담양DT점,전남,담양군,담양읍,Jeollanam-do,Damyang,Gun
2277,롯데리아(북항점),전남,목포시,산정동,Jeollanam-do,Mokpo,Si
9158,버거킹(하당점),전남,목포시,상동,Jeollanam-do,Mokpo,Si
2288,맥도날드목포하당디티점,전남,목포시,상동,Jeollanam-do,Mokpo,Si
2262,롯데리아롯데마트목포점,전남,목포시,상동,Jeollanam-do,Mokpo,Si
2256,롯데리아 목포상동점,전남,목포시,상동,Jeollanam-do,Mokpo,Si
2282,롯데리아하당점,전남,목포시,상동,Jeollanam-do,Mokpo,Si
2270,맥도날드 목포석현DT점,전남,목포시,석현동,Jeollanam-do,Mokpo,Si
2257,롯데리아홈플러스(목포점),전남,목포시,용당동,Jeollanam-do,Mokpo,Si
2267,롯데리아(용해점),전남,목포시,용해동,Jeollanam-do,Mokpo,Si
2278,롯데리아 목포점,전남,목포시,죽동,Jeollanam-do,Mokpo,Si
2295,롯데리아 무안점,전남,무안군,무안읍,Jeollanam-do,Muan,Gun
2309,버거킹 전남도청점,전남,무안군,삼향읍,Jeollanam-do,Muan,Gun
4472,한국맥도날드(유) 목포남악DT점,전남,무안군,삼향읍,Jeollanam-do,Muan,Gun
2310,롯데리아 남악점,전남,무안군,삼향읍,Jeollanam-do,Muan,Gun
1697,롯데리아 롯데아울렛 남악점,전남,무안군,삼향읍,Jeollanam-do,Muan,Gun
2301,롯데리아목포대학점,전남,무안군,청계면,Jeollanam-do,Muan,Gun
8405,롯데리아 벌교점,전남,보성군,벌교읍,Jeollanam-do,Boseong,Gun
869,롯데리아 순천만점,전남,순천시,대대동,Jeollanam-do,Suncheon,Si
872,맥도날드 순천덕암DT점,전남,순천시,덕암동,Jeollanam-do,Suncheon,Si
844,롯데리아연향점,전남,순천시,연향동,Jeollanam-do,Suncheon,Si
7325,롯데리아 순천오천점,전남,순천시,오천동,Jeollanam-do,Suncheon,Si
871,버거킹 순천법원점,전남,순천시,왕지동,Jeollanam-do,Suncheon,Si
895,롯데리아맘모스점,전남,순천시,장천동,Jeollanam-do,Suncheon,Si
897,롯데리아(금당점),전남,순천시,조례동,Jeollanam-do,Suncheon,Si
873,한국맥도날드(유) 순천조례DT점,전남,순천시,조례동,Jeollanam-do,Suncheon,Si
837,롯데리아,전남,순천시,조례동,Jeollanam-do,Suncheon,Si
886,롯데리아홈플러스순천점,전남,순천시,조례동,Jeollanam-do,Suncheon,Si
881,유한회사 롯데리아 순천,전남,순천시,중앙동,Jeollanam-do,Suncheon,Si
839,롯데리아순천풍덕점,전남,순천시,풍덕동,Jeollanam-do,Suncheon,Si
864,롯데리아 신대점,전남,순천시,해룡면,Jeollanam-do,Suncheon,Si
9112,롯데리아(여수중앙점),전남,여수시,교동,Jeollanam-do,Yeosu,Si
9113,롯데리아롯데마트여수점,전남,여수시,국동,Jeollanam-do,Yeosu,Si
231,롯데리아 여수돌산공원점,전남,여수시,돌산읍,Jeollanam-do,Yeosu,Si
9137,여천롯데마트 롯데리아,전남,여수시,선원동,Jeollanam-do,Yeosu,Si
9121,디오션리조트내 롯데리아,전남,여수시,소호동,Jeollanam-do,Yeosu,Si
9125,롯데리아 여수신기점,전남,여수시,신기동,Jeollanam-do,Yeosu,Si
9123,롯데리아(여수여서점),전남,여수시,여서동,Jeollanam-do,Yeosu,Si
9133,한국맥도날드 유한회사 이마트여수점,전남,여수시,오림동,Jeollanam-do,Yeosu,Si
9132,롯데리아 여수웅천점,전남,여수시,웅천동,Jeollanam-do,Yeosu,Si
9134,버거킹(여수점),전남,여수시,웅천동,Jeollanam-do,Yeosu,Si
9116,롯데리아여천점,전남,여수시,학동,Jeollanam-do,Yeosu,Si
9139,한국맥도날드(유) 여수학동DT점,전남,여수시,학동,Jeollanam-do,Yeosu,Si
3930,롯데리아삼호한마음점,전남,영암군,삼호읍,Jeollanam-do,Yeongam,Gun
5971,롯데리아 완도점,전남,완도군,완도읍,Jeollanam-do,Wando,Gun
2313,롯데리아,전남,장성군,장성읍,Jeollanam-do,Jangseong,Gun
6913,롯데리아장흥점,전남,장흥군,장흥읍,Jeollanam-do,Jangheung,Gun
2340,한국맥도날드 유한회사 이마트군산점,전북,군산시,경암동,Jeollabuk-do,Gunsan,Si
2337,롯데리아군산나운점,전북,군산시,나운동,Jeollabuk-do,Gunsan,Si
2351,(주)한일알이에스롯데리아수송점,전북,군산시,나운동,Jeollabuk-do,Gunsan,Si
2360,한국맥도날드(유)군산나운DT점,전북,군산시,나운동,Jeollabuk-do,Gunsan,Si
2339,롯데리아군산대학점,전북,군산시,미룡동,Jeollabuk-do,Gunsan,Si
2347,롯데리아산북점,전북,군산시,산북동,Jeollabuk-do,Gunsan,Si
2367,버거킹,전북,군산시,수송동,Jeollabuk-do,Gunsan,Si
2331,롯데리아롯데마트군산점,전북,군산시,수송동,Jeollabuk-do,Gunsan,Si
2359,롯데리아조촌디티점,전북,군산시,조촌동,Jeollabuk-do,Gunsan,Si
2343,롯데리아군산점,전북,군산시,중앙로1가,Jeollabuk-do,Gunsan,Si
3915,롯데리아,전북,김제시,요촌동,Jeollabuk-do,Gimje,Si
10163,롯데리아 남원도통점,전북,남원시,도통동,Jeollabuk-do,Namwon,Si
10154,롯데리아 남원점,전북,남원시,쌍교동,Jeollabuk-do,Namwon,Si
4753,롯데리아 무주점,전북,무주군,무주읍,Jeollabuk-do,Muju,Gun
10032,(주)롯데리아부안점,전북,부안군,부안읍,Jeollabuk-do,Buan,Gun
4757,롯데리아순창DT점,전북,순창군,순창읍,Jeollabuk-do,Sunchang,Gun
6922,롯데리아완주봉동점,전북,완주군,봉동읍,Jeollabuk-do,Wanju,Gun
10008,롯데리아 익산모현점,전북,익산시,모현동1가,Jeollabuk-do,Iksan,Si
10022,롯데리아익산배산,전북,익산시,모현동1가,Jeollabuk-do,Iksan,Si
9984,(유)호영롯데리아부송점,전북,익산시,부송동,Jeollabuk-do,Iksan,Si
9998,한국맥도날드 유한회사 익산원광대점,전북,익산시,신동,Jeollabuk-do,Iksan,Si
9993,롯데리아원광대점,전북,익산시,신동,Jeollabuk-do,Iksan,Si
10027,롯데리아 익산영등점,전북,익산시,영등동,Jeollabuk-do,Iksan,Si
10023,한국맥도날드(유)익산영등디티점,전북,익산시,영등동,Jeollabuk-do,Iksan,Si
10026,버거킹,전북,익산시,영등동,Jeollabuk-do,Iksan,Si
328,롯데리아 익산역점,전북,익산시,중앙동1가,Jeollabuk-do,Iksan,Si
3179,롯데리아전주터미널점,전북,전주시,덕진구,Jeollabuk-do,Jeonju,Si
9814,버거킹전북대점,전북,전주시,덕진구,Jeollabuk-do,Jeonju,Si
3109,롯데리아동산점,전북,전주시,덕진구,Jeollabuk-do,Jeonju,Si
3116,롯데리아롯데마트송천점,전북,전주시,덕진구,Jeollabuk-do,Jeonju,Si
3123,롯데리아전주송천점,전북,전주시,덕진구,Jeollabuk-do,Jeonju,Si
3145,한국맥도날드유한회사전주송천점,전북,전주시,덕진구,Jeollabuk-do,Jeonju,Si
3206,롯데리아메가월드점,전북,전주시,덕진구,Jeollabuk-do,Jeonju,Si
3099,롯데리아홈플러스전주점,전북,전주시,덕진구,Jeollabuk-do,Jeonju,Si
3161,롯데리아인후점,전북,전주시,덕진구,Jeollabuk-do,Jeonju,Si
3098,롯데리아아중점,전북,전주시,덕진구,Jeollabuk-do,Jeonju,Si
3184,맥도날드인후점,전북,전주시,덕진구,Jeollabuk-do,Jeonju,Si
3199,롯데리아 전주고사점,전북,전주시,완산구,Jeollabuk-do,Jeonju,Si
3153,롯데리아전주삼천점,전북,전주시,완산구,Jeollabuk-do,Jeonju,Si
3120,롯데리아전주세이브존점,전북,전주시,완산구,Jeollabuk-do,Jeonju,Si
3091,롯데리아전주서신점,전북,전주시,완산구,Jeollabuk-do,Jeonju,Si
3176,롯데리아홈플러스전주완산점,전북,전주시,완산구,Jeollabuk-do,Jeonju,Si
3168,롯데리아(전주혁신점),전북,전주시,완산구,Jeollabuk-do,Jeonju,Si
3182,롯데리아중화산점,전북,전주시,완산구,Jeollabuk-do,Jeonju,Si
3140,맥도날드전주중화산점,전북,전주시,완산구,Jeollabuk-do,Jeonju,Si
3194,한국맥도날드(유) 전주 평화DT점,전북,전주시,완산구,Jeollabuk-do,Jeonju,Si
3213,롯데리아 전주평화점,전북,전주시,완산구,Jeollabuk-do,Jeonju,Si
3183,한국맥도날드(유)효자점,전북,전주시,완산구,Jeollabuk-do,Jeonju,Si
3177,롯데리아전주효자씨지브이점,전북,전주시,완산구,Jeollabuk-do,Jeonju,Si
3163,롯데리아롯데마트전주점,전북,전주시,완산구,Jeollabuk-do,Jeonju,Si
7842,롯데리아 전주도청점,전북,전주시,완산구,Jeollabuk-do,Jeonju,Si
3125,롯데리아전주효자서부점,전북,전주시,완산구,Jeollabuk-do,Jeonju,Si
3185,버거킹 전북도청점,전북,전주시,완산구,Jeollabuk-do,Jeonju,Si
5964,롯데리아정읍상동점,전북,정읍시,상동,Jeollabuk-do,Jeongeup,Si
1700,한국맥도날드(유)전북정읍DT점,전북,정읍시,수성동,Jeollabuk-do,Jeongeup,Si
5967,롯데리아정읍점,전북,정읍시,수성동,Jeollabuk-do,Jeongeup,Si
7360,버거킹 정읍중앙점,전북,정읍시,연지동,Jeollabuk-do,Jeongeup,Si
7916,한국맥도날드(유)제주월드컵스타디움DT점,제주특별자치도,서귀포시,강정동,Jeju,Seogwipo,Si
8986,한국맥도날드(유) 서귀포DT점,제주특별자치도,서귀포시,서귀동,Jeju,Seogwipo,Si
8956,롯데리아서귀포점,제주특별자치도,서귀포시,서귀동,Jeju,Seogwipo,Si
1665,한국맥도날드(유)제주성산점,제주특별자치도,서귀포시,성산읍,Jeju,Seogwipo,Si
8984,항공우주박물관 롯데리아,제주특별자치도,서귀포시,안덕면,Jeju,Seogwipo,Si
8958,롯데리아제주표선해변점,제주특별자치도,서귀포시,표선면,Jeju,Seogwipo,Si
7739,한국맥도날드유한회사제주탑동점,제주특별자치도,제주시,건입동,Jeju,Jeju,Si
7737,롯데리아제주항디티점,제주특별자치도,제주시,건입동,Jeju,Jeju,Si
7740,한국맥도날드제주노형점,제주특별자치도,제주시,노형동,Jeju,Jeju,Si
7720,버거킹제주이마트점,제주특별자치도,제주시,노형동,Jeju,Jeju,Si
7734,롯데리아제주삼화지구점,제주특별자치도,제주시,도련일동,Jeju,Jeju,Si
7754,롯데리아제주아라점,제주특별자치도,제주시,아라일동,Jeju,Jeju,Si
7759,롯데리아제주외도디티점,제주특별자치도,제주시,외도이동,Jeju,Jeju,Si
7083,한국맥도날드(유)제주공항디티점,제주특별자치도,제주시,용담이동,Jeju,Jeju,Si
7729,코레일유통롯데리아제주공항2층,제주특별자치도,제주시,용담이동,Jeju,Jeju,Si
7708,롯데리아제주공항점,제주특별자치도,제주시,용담이동,Jeju,Jeju,Si
7724,맥도날드제주시청디티점,제주특별자치도,제주시,이도이동,Jeju,Jeju,Si
7751,한국맥도날드(유)제주일도DT점,제주특별자치도,제주시,일도이동,Jeju,Jeju,Si
6905,롯데리아계룡점,충남,계룡시,엄사면,Chungcheongnam-do,Gyeryong,Si
4965,롯데리아신관점,충남,공주시,신관동,Chungcheongnam-do,Gongju,Si
4964,롯데리아공주점,충남,공주시,중동,Chungcheongnam-do,Gongju,Si
5941,롯데리아금산점,충남,금산군,금산읍,Chungcheongnam-do,Geumsan,Gun
5274,롯데리아 논산강경점,충남,논산시,강경읍,Chungcheongnam-do,Nonsan,Si
9741,한국맥도날드(유) 충남논산 DT점,충남,논산시,내동,Chungcheongnam-do,Nonsan,Si
9070,롯데리아논산연무점,충남,논산시,연무읍,Chungcheongnam-do,Nonsan,Si
9088,롯데리아논산점,충남,논산시,취암동,Chungcheongnam-do,Nonsan,Si
800,롯데리아 송악점,충남,당진시,송악읍,Chungcheongnam-do,,
7406,롯데리아신평지점,충남,당진시,신평면,Chungcheongnam-do,,
7900,롯데리아신평지점,충남,당진시,신평면,Chungcheongnam-do,,
2665,롯데리아모다아울렛행담도점,충남,당진시,신평면,Chungcheongnam-do,,
801,롯데리아롯데마트당진점,충남,당진시,원당동,Chungcheongnam-do,,
814,맥도날드 당진점,충남,당진시,읍내동,Chungcheongnam-do,,
813,버거킹(당진읍내점),충남,당진시,읍내동,Chungcheongnam-do,,
817,롯데리아당진점,충남,당진시,읍내동,Chungcheongnam-do,,
3620,한국맥도날드(유) 충남보령DT점,충남,보령시,궁촌동,Chungcheongnam-do,Boryeong,Si
2327,롯데리아(홈플러스보령점),충남,보령시,명천동,Chungcheongnam-do,Boryeong,Si
2253,롯데리아부여아울렛점,충남,부여군,규암면,Chungcheongnam-do,Buyeo,Gun
6044,롯데리아터미널점,충남,서산시,동문동,Chungcheongnam-do,Seosan,Si
6056,롯데리아 호수공원점,충남,서산시,예천동,Chungcheongnam-do,Seosan,Si
1871,버거킹 서산호수공원점,충남,서산시,예천동,Chungcheongnam-do,Seosan,Si
6048,롯데리아 롯데마트 서산점,충남,서산시,예천동,Chungcheongnam-do,Seosan,Si
7925,맥도날드서산점,충남,서산시,예천동,Chungcheongnam-do,Seosan,Si
9813,(주)백광소재서산(하)휴게소 롯데리아,충남,서산시,해미면,Chungcheongnam-do,Seosan,Si
3319,롯데리아,충남,서천군,서천읍,Chungcheongnam-do,Seocheon,Gun
4531,롯데리아 아산테크노밸리점,충남,아산시,둔포면,Chungcheongnam-do,Asan,Si
985,롯데리아 온양DT점,충남,아산시,모종동,Chungcheongnam-do,Asan,Si
964,롯데리아 온양온천점,충남,아산시,모종동,Chungcheongnam-do,Asan,Si
9154,롯데리아 신창점,충남,아산시,배미동,Chungcheongnam-do,Asan,Si
948,롯데리아 아산배방점,충남,아산시,배방읍,Chungcheongnam-do,Asan,Si
7355,롯데리아 아산북수점,충남,아산시,배방읍,Chungcheongnam-do,Asan,Si
975,천안아산(L.M)롯데리아,충남,아산시,배방읍,Chungcheongnam-do,Asan,Si
6351,롯데리아 천안아산역점,충남,아산시,배방읍,Chungcheongnam-do,Asan,Si
988,롯데리아 순천향대학DT점,충남,아산시,신창면,Chungcheongnam-do,Asan,Si
2669,한국맥도날드 아산DT점,충남,아산시,온천동,Chungcheongnam-do,Asan,Si
952,롯데리아,충남,아산시,온천동,Chungcheongnam-do,Asan,Si
981,버거킹 온양온천점,충남,아산시,온천동,Chungcheongnam-do,Asan,Si
9152,롯데리아 아산용화점,충남,아산시,용화동,Chungcheongnam-do,Asan,Si
966,롯데리아 아산탕정점,충남,아산시,탕정면,Chungcheongnam-do,Asan,Si
4868,코레일유통(주)롯데리아,충남,천안시,동남구,Chungcheongnam-do,Cheonan,Si
4929,롯데리아독립기념관점,충남,천안시,동남구,Chungcheongnam-do,Cheonan,Si
4900,롯데리아목천점,충남,천안시,동남구,Chungcheongnam-do,Cheonan,Si
4944,버거킹쌍용대로디티점,충남,천안시,동남구,Chungcheongnam-do,Cheonan,Si
6139,롯데리아홈서비스성황점,충남,천안시,동남구,Chungcheongnam-do,Cheonan,Si
4952,천안통정롯데리아,충남,천안시,동남구,Chungcheongnam-do,Cheonan,Si
4880,롯데리아신방점,충남,천안시,동남구,Chungcheongnam-do,Cheonan,Si
96,한국맥도날드유한회사천안고속버스터미널점,충남,천안시,동남구,Chungcheongnam-do,Cheonan,Si
4949,롯데리아신부대로점,충남,천안시,동남구,Chungcheongnam-do,Cheonan,Si
4931,버거킹천안신부점,충남,천안시,동남구,Chungcheongnam-do,Cheonan,Si
4891,롯데리아천안쌍용점,충남,천안시,동남구,Chungcheongnam-do,Cheonan,Si
4920,롯데리아안서점,충남,천안시,동남구,Chungcheongnam-do,Cheonan,Si
4925,롯데리아천안안서디티점,충남,천안시,동남구,Chungcheongnam-do,Cheonan,Si
4928,한국맥도날드유한회사천안원성디티점,충남,천안시,동남구,Chungcheongnam-do,Cheonan,Si
4942,맥도날드천안두정,충남,천안시,서북구,Chungcheongnam-do,Cheonan,Si
4932,버거킹천안두정점,충남,천안시,서북구,Chungcheongnam-do,Cheonan,Si
4936,한국맥도날드(유)천안서북이마트점,충남,천안시,서북구,Chungcheongnam-do,Cheonan,Si
1980,롯데리아천안불당점,충남,천안시,서북구,Chungcheongnam-do,Cheonan,Si
4946,롯데리아성거점,충남,천안시,서북구,Chungcheongnam-do,Cheonan,Si
4926,롯데리아천안성정점,충남,천안시,서북구,Chungcheongnam-do,Cheonan,Si
4873,롯데리아천안성정점,충남,천안시,서북구,Chungcheongnam-do,Cheonan,Si
4955,롯데리아천안메가마트점,충남,천안시,서북구,Chungcheongnam-do,Cheonan,Si
4922,롯데리아롯데마트천안점,충남,천안시,서북구,Chungcheongnam-do,Cheonan,Si
4939,한국맥도날드유한회사 천안쌍용점,충남,천안시,서북구,Chungcheongnam-do,Cheonan,Si
4919,맥도날드천안쌍용SKDT점,충남,천안시,서북구,Chungcheongnam-do,Cheonan,Si
4943,롯데리아차암점,충남,천안시,서북구,Chungcheongnam-do,Cheonan,Si
9142,롯데리아청양점,충남,청양군,청양읍,Chungcheongnam-do,Cheongyang,Gun
3214,롯데리아태안점,충남,태안군,태안읍,Chungcheongnam-do,Taean,Gun
3223,롯데리아광천점,충남,홍성군,광천읍,Chungcheongnam-do,Hongseong,Gun
4350,롯데리아 충남도청점,충남,홍성군,홍북읍,Chungcheongnam-do,Hongseong,Gun
3222,롯데리아홍성점,충남,홍성군,홍성읍,Chungcheongnam-do,Hongseong,Gun
3313,롯데리아 괴산점,충북,괴산군,괴산읍,Chungcheongbuk-do,Goesan,Gun
3314,롯데리아단양점,충북,단양군,단양읍,Chungcheongbuk-do,Danyang,Gun
3315,롯데리아 대명리조트단양점,충북,단양군,단양읍,Chungcheongbuk-do,Danyang,Gun
9066,롯데리아(보은점),충북,보은군,보은읍,Chungcheongbuk-do,Boeun,Gun
6026,롯데리아(영동점),충북,영동군,영동읍,Chungcheongbuk-do,Yeongdong,Gun
4015,지성유통(금강 롯데리아),충북,옥천군,동이면,Chungcheongbuk-do,Okcheon,Gun
4016,롯데리아 옥천점,충북,옥천군,옥천읍,Chungcheongbuk-do,Okcheon,Gun
3084,롯데리아 금왕점,충북,음성군,금왕읍,Chungcheongbuk-do,Eumseong,Gun
9700,충북혁신도시점 롯데리아,충북,음성군,맹동면,Chungcheongbuk-do,Eumseong,Gun
3081,롯데리아 음성점,충북,음성군,음성읍,Chungcheongbuk-do,Eumseong,Gun
10060,롯데리아제천점,충북,제천시,중앙로1가,Chungcheongbuk-do,Jecheon,Si
7945,맥도날드제천DT점,충북,제천시,청전동,Chungcheongbuk-do,Jecheon,Si
10059,롯데리아청전점,충북,제천시,청전동,Chungcheongbuk-do,Jecheon,Si
10067,롯데리아 롯데마트 제천점,충북,제천시,하소동,Chungcheongbuk-do,Jecheon,Si
8663,롯데리아광혜원점,충북,진천군,광혜원면,Chungcheongbuk-do,Jincheon,Gun
1368,버거킹충북진천점,충북,진천군,진천읍,Chungcheongbuk-do,Jincheon,Gun
8660,롯데리아진천점,충북,진천군,진천읍,Chungcheongbuk-do,Jincheon,Gun
7540,롯데리아청주금천점,충북,청주시,상당구,Chungcheongbuk-do,Cheongju,Si
7541,한국맥도날드(유)청주금천DT점,충북,청주시,상당구,Chungcheongbuk-do,Cheongju,Si
7517,롯데리아홈플러스테스코청주성안점,충북,청주시,상당구,Chungcheongbuk-do,Cheongju,Si
7529,버거킹 청주성안길점,충북,청주시,상당구,Chungcheongbuk-do,Cheongju,Si
7515,롯데리아용암점,충북,청주시,상당구,Chungcheongbuk-do,Cheongju,Si
7530,롯데마트상당점롯데리아,충북,청주시,상당구,Chungcheongbuk-do,Cheongju,Si
7543,롯데리아개신점,충북,청주시,서원구,Chungcheongbuk-do,Cheongju,Si
7560,롯데리아서원대점,충북,청주시,서원구,Chungcheongbuk-do,Cheongju,Si
7546,롯데리아분평점,충북,청주시,서원구,Chungcheongbuk-do,Cheongju,Si
7554,한국맥도날드청주분평점,충북,청주시,서원구,Chungcheongbuk-do,Cheongju,Si
7557,롯데리아분평DT(디티)점,충북,청주시,서원구,Chungcheongbuk-do,Cheongju,Si
7545,롯데리아사창점,충북,청주시,서원구,Chungcheongbuk-do,Cheongju,Si
7561,버거킹산남점,충북,청주시,서원구,Chungcheongbuk-do,Cheongju,Si
7549,롯데리아 산남점,충북,청주시,서원구,Chungcheongbuk-do,Cheongju,Si
7556,한국맥도날드(유)청주성화점,충북,청주시,서원구,Chungcheongbuk-do,Cheongju,Si
7987,롯데리아 내수점,충북,청주시,청원구,Chungcheongbuk-do,Cheongju,Si
7622,롯데리아오창점,충북,청주시,청원구,Chungcheongbuk-do,Cheongju,Si
217,롯데리아오창2산단점,충북,청주시,청원구,Chungcheongbuk-do,Cheongju,Si
7619,롯데리아청대점,충북,청주시,청원구,Chungcheongbuk-do,Cheongju,Si
7618,롯데리아청주사천점,충북,청주시,청원구,Chungcheongbuk-do,Cheongju,Si
7632,한국맥도날드(유) 청주율량지에스디티점,충북,청주시,청원구,Chungcheongbuk-do,Cheongju,Si
7616,롯데리아청주율량점,충북,청주시,청원구,Chungcheongbuk-do,Cheongju,Si
7512,롯데리아 청주율량2지구점,충북,청주시,청원구,Chungcheongbuk-do,Cheongju,Si
7090,버거킹 청주터미널점,충북,청주시,흥덕구,Chungcheongbuk-do,Cheongju,Si
7564,롯데리아 드림플러스점,충북,청주시,흥덕구,Chungcheongbuk-do,Cheongju,Si
3524,청주 강내점 롯데리아,충북,청주시,흥덕구,Chungcheongbuk-do,Cheongju,Si
7615,롯데리아 청주지웰점,충북,청주시,흥덕구,Chungcheongbuk-do,Cheongju,Si
7606,버거킹복대점,충북,청주시,흥덕구,Chungcheongbuk-do,Cheongju,Si
7563,롯데리아하복대점,충북,청주시,흥덕구,Chungcheongbuk-do,Cheongju,Si
7588,한국맥도날드(유)청주봉명점,충북,청주시,흥덕구,Chungcheongbuk-do,Cheongju,Si
7574,롯데리아봉명점,충북,청주시,흥덕구,Chungcheongbuk-do,Cheongju,Si
7600,한국맥도날드(유)청주비하점,충북,청주시,흥덕구,Chungcheongbuk-do,Cheongju,Si
7586,롯데리아롯데마트서청주점,충북,청주시,흥덕구,Chungcheongbuk-do,Cheongju,Si
346,버거킹 청주오송점,충북,청주시,흥덕구,Chungcheongbuk-do,Cheongju,Si
933,맥도날드충주교현DT점,충북,충주시,교현동,Chungcheongbuk-do,Chungju,Si
7135,버거킹연수점,충북,충주시,연수동,Chungcheongbuk-do,Chungju,Si
928,롯데리아연수점,충북,충주시,연수동,Chungcheongbuk-do,Chungju,Si
1657,롯데리아충주용산점,충북,충주시,용산동,Chungcheongbuk-do,Chungju,Si
919,롯데리아칠금점,충북,충주시,칠금동,Chungcheongbuk-do,Chungju,Si
921,롯데리아,충북,충주시,칠금동,Chungcheongbuk-do,Chungju,Si
927,롯데리아충주터미널점,충북,충주시,칠금동,Chungcheongbuk-do,Chungju,Si
5106,(주)롯데리아김해워터파크2호점,경남,김해시,신문동,Gyeongsangnam-do,Gimhae,Si
7392,롯데리아 울릉점,경북,울릉군,울릉읍,Gyeongsangbuk-do,Ulleung,Gun
7975,롯데리아 임실점,전북,임실군,임실읍,Jeollabuk-do,Imsil,Gun
7988,롯데리아김천혁신도시점,경북,김천시,혁신4로,Gyeongsangbuk-do,Gimcheon,Si
1913,버거킹서교동사거리점,서울특별시,마포구,양화로,Seoul,Mapo,Gu
4421,버거킹 울산동구오일뱅크점,울산광역시,동구,서부동,Ulsan,Dong,Gu
7637,버거킹오창호수공원점,충북,청주시,청원구,Chungcheongbuk-do,Cheongju,Si
